Case Record ID,Campaign Code
500PU0000101i6dYAA,SUBRE
500PU0000101OccYAE,SUBRE
500PU0000101UOfYAM,SUBRE
500PU0000102CUQYA2,SUBRE
500PU0000101sUAYAY,SUBRE
500PU00000zxg3SYAQ,SUBRE
500PU0000101gpdYAA,SUBRE
500PU0000102CXdYAM,SUBRE
500PU00001022d9YAA,SUBRE
500PU0000102894YAA,SUBRE
500PU0000102ANmYAM,SUBRE
500PU0000101udzYAA,SUBRE
500PU00001029zcYAA,SUBRE
500PU0000101iUoYAI,SUBRE
500PU0000101g6UYAQ,SUBRE
500PU0000102C9SYAU,SUBRE
500PU0000101ycpYAA,SUBRE
500PU00001021NjYAI,SUBRE
500PU0000101v2EYAQ,SUBRE
500PU0000100fEFYAY,SUBRE
500PU00001024odYAA,SUBRE
500PU0000101j14YAA,SUBRE
500PU0000101vLZYAY,SUBRE
500PU0000102BWkYAM,SUBRE
500PU0000101hDnYAI,SUBRE
500PU0000100WnZYAU,SUBRE
500PU000010274xYAA,SUBRE
500PU0000102CRBYA2,SUBRE
500PU0000101bjUYAQ,SUBRE
500PU0000102BDOYA2,SUBRE
500PU0000101lEBYAY,SUBRE
500PU0000101xX3YAI,SUBRE
500PU0000101jdnYAA,SUBRE
500PU00001021fVYAQ,SUBRE
500PU0000102CNxYAM,SUBRE
500PU0000102AXSYA2,SUBRE
500PU0000101sCQYAY,SUBRE
500PU0000101jvZYAQ,SUBRE
500PU00001028vTYAQ,SUBRE
500PU0000102CKjYAM,SUBRE
500PU0000101o2LYAQ,SUBRE
500PU0000101gPoYAI,SUBRE
500PU000010201vYAA,SUBRE
500PU0000101mJuYAI,SUBRE
500PU0000102CCfYAM,SUBRE
500PU0000100dc7YAA,SUBRE
500PU0000101Zg5YAE,SUBRE
500PU0000101anSYAQ,SUBRE
500PU0000101vBtYAI,SUBRE
500PU0000101lAvYAI,SUBRE
500PU0000101aSOYAY,SUBRE
500PU0000101kulYAA,SUBRE
500PU0000101gJHYAY,SUBRE
500PU0000101h7LYAQ,SUBRE
500PU0000101sPLYAY,SUBRE
500PU0000101B7VYAU,SUBRE
500PU0000101nWAYAY,SUBRE
500PU0000102BtJYAU,SUBRE
500PU0000101R9AYAU,SUBRE
500PU0000101nkaYAA,SUBRE
500PU00001026FKYAY,SUBRE
500PU0000101MRBYA2,SUBRE
500PU00000zyRAUYA2,SUBRE
500PU0000101hnJYAQ,SUBRE
500PU0000102BoTYAU,SUBRE
500PU0000102BlFYAU,SUBRE
500PU0000101x8oYAA,SUBRE
500PU0000102BjdYAE,SUBRE
500PU0000101OsmYAE,SUBRE
500PU000010260qYAA,SUBRE
500PU0000102BgPYAU,SUBRE
500PU0000101ehNYAQ,SUBRE
500PU0000101nChYAI,SUBRE
500PU000010181TYAQ,SUBRE
500PU0000101fzxYAA,SUBRE
500PU0000101eFyYAI,SUBRE
500PU0000101ssLYAQ,SUBRE
500PU0000101ES5YAM,SUBRE
500PU0000102BYLYA2,SUBRE
500PU0000101nixYAA,SUBRE
500PU0000102BWjYAM,SUBRE
500PU0000101iZhYAI,SUBRE
500PU00001017ThYAI,SUBRE
500PU000010296kYAA,SUBRE
500PU0000101XUcYAM,SUBRE
500PU000010282cYAA,SUBRE
500PU0000101RSKYA2,SUBRE
500PU0000101jloYAA,SUBRE
500PU0000101lFnYAI,SUBRE
500PU0000102643YAA,SUBRE
500PU0000101IFtYAM,SUBRE
500PU0000102AqoYAE,SUBRE
500PU00001020gAYAQ,SUBRE
500PU0000101c1GYAQ,SUBRE
500PU0000101va4YAA,SUBRO
500PU0000102BN3YAM,SUBRE
500PU000010254oYAA,SUBRE
500PU0000101aaVYAQ,SUBRE
500PU0000101FshYAE,SUBRE
500PU0000102BIDYA2,SUBRE
500PU00001026dWYAQ,SUBRE
500PU0000101EdJYAU,SUBRE
500PU00001026LpYAI,SUBRE
500PU0000101xDgYAI,SUBRE
500PU0000101G7DYAU,SUBRE
500PU00000zyVSTYA2,SUBRE
500PU0000101gmLYAQ,SUBRE
500PU0000101oOxYAI,SUBRE
500PU0000101OpVYAU,SUBRE
500PU0000101Rx6YAE,SUBRE
500PU0000101V6BYAU,SUBRE
500PU0000101e4eYAA,SUBRE
500PU0000102B3hYAE,SUBRE
500PU0000102B25YAE,SUBRE
500PU0000101UOeYAM,SUBRE
500PU0000101rctYAA,SUBRE
500PU0000101IgsYAE,SUBRE
500PU0000101eqzYAA,SUBRE
500PU0000101uKdYAI,SUBRE
500PU0000101XCqYAM,SUBRE
500PU00001028djYAA,SUBRE
500PU0000101gb3YAA,SUBRE
500PU00001022zlYAA,SUBRE
500PU0000101Is8YAE,SUBRE
500PU0000101w1XYAQ,SUBRE
500PU00001029xyYAA,SUBRE
500PU0000101WodYAE,SUBRE
500PU0000102AkLYAU,SUBRE
500PU0000101Wa7YAE,SUBRE
500PU00001020bRYAQ,SUBRE
500PU0000101EdIYAU,SUBRE
500PU00001020GMYAY,SUBRE
500PU0000101RsAYAU,SUBRE
500PU0000101rUpYAI,SUBRE
500PU0000102AdtYAE,SUBRE
500PU00001015YJYAY,SUBRE
500PU0000101neAYAQ,SUBRE
500PU0000101TR4YAM,SUBRE
500PU0000101rDAYAY,SUBRE
500PU0000101TnXYAU,SUBRE
500PU0000101Fj2YAE,SUBRE
500PU0000101vBsYAI,SUBRE
500PU0000101l6CYAQ,SUBRE
500PU0000101h46YAA,SUBRE
500PU0000101tusYAA,SUBRE
500PU00001028NdYAI,SUBRE
500PU0000101HN8YAM,SUBRE
500PU00001028nQYAQ,SUBRE
500PU00001024IOYAY,SUBRE
500PU0000101NVDYA2,SUBRE
500PU0000101gzEYAQ,SUBRE
500PU00001023kVYAQ,SUBRE
500PU0000101rD9YAI,SUBRE
500PU0000101nMeYAI,SUBRE
500PU0000102AM9YAM,SUBRE
500PU0000100zKzYAI,SUBRE
500PU00001019QeYAI,SUBRE
500PU0000101z0xYAA,SUBRE
500PU0000101pJMYAY,SUBRE
500PU0000100ArlYAE,SUBRE
500PU00001025cdYAA,SUBRE
500PU0000101tTOYAY,SUBRE
500PU0000101tgKYAQ,SUBRE
500PU00001027heYAA,SUBRE
500PU0000102A1CYAU,SUBRE
500PU0000101TiiYAE,SUBRE
500PU0000101hKKYAY,SUBRE
500PU0000102A2nYAE,SUBRE
500PU0000101xonYAA,SUBRE
500PU00001026IYYAY,SUBRE
500PU0000101rOQYAY,SUBRE
500PU000010206hYAA,SUBRE
500PU0000101pEWYAY,SUBRE
500PU00001029t7YAA,SUBRE
500PU00001024VGYAY,SUBRE
500PU0000101rUoYAI,SUBRE
500PU0000101CbSYAU,SUBRE
500PU0000101gL0YAI,SUBRE
500PU0000101mroYAA,SUBRE
500PU0000101u1JYAQ,SUBRE
500PU0000101iZfYAI,SUBRE
500PU0000101enmYAA,SUBRE
500PU00001029jRYAQ,SUBRE
500PU0000101mbcYAA,SUBRE
500PU0000101YqRYAU,SUBRE
500PU00001024JyYAI,SUBRE
500PU0000101e7qYAA,SUBRE
500PU00001020JbYAI,SUBRE
500PU00001025khYAA,SUBRE
500PU00001024LbYAI,SUBRE
500PU0000101it7YAA,SUBRE
500PU00001023NvYAI,SUBRE
500PU000010128zYAA,SUBRO
500PU0000101V4eYAE,SUBRE
500PU00001029ZlYAI,SUBRO
500PU0000101h5nYAA,SUBRE
500PU0000101XRUYA2,SUBRE
500PU0000101n7xYAA,SUBRE
500PU0000101nSsYAI,SUBRE
500PU0000101sAqYAI,SUBRE
500PU0000101gCsYAI,SUBRE
500PU00001024TkYAI,SUBRE
500PU0000101ePcYAI,SUBRE
500PU0000101KPHYA2,SUBRE
500PU0000101QOJYA2,SUBRE
500PU0000101QZbYAM,SUBRE
500PU0000101SmiYAE,SUBRE
500PU0000101SOSYA2,SUBRE
500PU0000101xIZYAY,SUBRE
500PU0000101VR8YAM,SUBRE
500PU0000101g80YAA,SUBRE
500PU0000101efjYAA,SUBRE
500PU0000101o0hYAA,SUBRE
500PU00001029I1YAI,SUBRE
500PU0000101i1nYAA,SUBRE
500PU0000101PiRYAU,SUBRE
500PU0000101cFeYAI,SUBRE
500PU00001028nOYAQ,SUBRE
500PU0000101Eg0YAE,SUBRE
500PU0000101asIYAQ,SUBRE
500PU0000101YiLYAU,SUBRE
500PU0000101LtGYAU,SUBRE
500PU00001021HIYAY,SUBRE
500PU00001020BWYAY,SUBRE
500PU00001020jRYAQ,SUBRE
500PU00001021fSYAQ,SUBRE
500PU0000101i8CYAQ,SUBRE
500PU000010293VYAQ,SUBRE
500PU0000101aaUYAQ,SUBRE
500PU0000101nnpYAA,SUBRE
500PU0000101XuSYAU,SUBRE
500PU0000101aVgYAI,SUBRE
500PU0000101enlYAA,SUBRE
500PU0000101vzsYAA,SUBRE
500PU0000101aCJYAY,SUBRE
500PU00001025pXYAQ,SUBRE
500PU00001021FeYAI,SUBRE
500PU0000101QXtYAM,SUBRE
500PU00001028fJYAQ,SUBRE
500PU00001025XmYAI,SUBRE
500PU0000101haQYAQ,SUBRE
500PU0000101YiKYAU,SUBRE
500PU0000101AJWYA2,SUBRE
500PU0000101vIPYAY,SUBRE
500PU0000101aNcYAI,SUBRE
500PU0000101lPTYAY,SUBRE
500PU00000zygVxYAI,SUBRE
500PU0000101y3GYAQ,SUBRE
500PU0000101ycoYAA,SUBRE
500PU0000101xQfYAI,SUBRE
500PU0000101q7OYAQ,SUBRE
500PU000010254nYAA,SUBRE
500PU0000101LEvYAM,SUBRE
500PU0000101WwiYAE,SUBRE
500PU0000101nsdYAA,SUBRE
500PU0000101DSeYAM,SUBRE
500PU0000101AzRYAU,SUBRE
500PU0000101dhzYAA,SUBRE
500PU0000100yQTYAY,SUBRE
500PU0000101R2dYAE,SUBRE
500PU0000101tl7YAA,SUBRE
500PU0000101L2CYAU,SUBRE
500PU0000101nmDYAQ,SUBRE
500PU0000100dp0YAA,SUBRE
500PU0000101rrOYAQ,SUBRE
500PU0000100r2NYAQ,SUBRE
500PU0000101ZT7YAM,SUBRE
500PU0000101U6tYAE,SUBRE
500PU0000101td3YAA,SUBRE
500PU0000101aVeYAI,SUBRE
500PU0000101CYCYA2,SUBRE
500PU0000101KcHYAU,SUBRE
500PU0000100P9VYAU,SUBRE
500PU0000101DKaYAM,SUBRE
500PU0000101NQUYA2,SUBRE
500PU0000101s7XYAQ,SUBRE
500PU0000101MuBYAU,SUBRE
500PU0000101mBpYAI,SUBRE
500PU0000101lCUYAY,SUBRE
500PU0000101EbfYAE,SUBRE
500PU0000101W3qYAE,SUBRE
500PU0000101RIhYAM,SUBRE
500PU0000101tMvYAI,SUBRE
500PU0000101tLJYAY,SUBRE
500PU0000101HeQYAU,SUBRE
500PU0000101MNoYAM,SUBRE
500PU0000101TXSYA2,SUBRE
500PU0000101stvYAA,SUBRE
500PU00001013eaYAA,SUBRE
500PU0000100apbYAA,SUBRE
500PU0000101tA1YAI,SUBRE
500PU0000100lRYYAY,SUBRE
500PU0000101t6nYAA,SUBRE
500PU0000100zBCYAY,SUBRE
500PU0000101UmoYAE,SUBRE
500PU0000101s98YAA,SUBRE
500PU00001019nEYAQ,SUBRE
500PU00001017ypYAA,SUBRE
500PU0000101GNGYA2,SUBRE
500PU0000101dYOYAY,SUBRE
500PU0000100qENYAY,SUBRE
500PU0000100yALYAY,SUBRE
500PU0000101slqYAA,SUBRE
500PU0000101syjYAA,SUBRE
500PU0000100apaYAA,SUBRE
500PU0000101sx7YAA,SUBRE
500PU0000101NdLYAU,SUBRE
500PU0000101hSMYAY,SUBRE
500PU0000100xsWYAQ,SUBRE
500PU0000101CI5YAM,SUBRE
500PU0000101sttYAA,SUBRE
500PU0000101k5CYAQ,SUBRE
500PU0000101jnQYAQ,SUBRE
500PU0000101NF1YAM,SUBRE
500PU0000101nREYAY,SUBRE
500PU0000101WLYYA2,SUBRE
500PU0000101cM7YAI,SUBRE
500PU00001010QaYAI,SUBRE
500PU000010128yYAA,SUBRE
500PU0000101npPYAQ,SUBRE
500PU0000101iOLYAY,SUBRE
500PU0000101mmsYAA,SUBRE
500PU0000101avSYAQ,SUBRE
500PU0000100xvjYAA,SUBRE
500PU0000101WAHYA2,SUBRE
500PU0000100x6GYAQ,SUBRE
500PU0000101LTUYA2,SUBRE
500PU0000101skDYAQ,SUBRE
500PU0000101gSwYAI,SUBRE
500PU00001013WYYAY,SUBRE
500PU0000101Q4wYAE,SUBRE
500PU0000101IHEYA2,SUBRE
500PU0000101iMgYAI,SUBRE
500PU00001018paYAA,SUBRE
500PU0000101UgNYAU,SUBRE
500PU0000101X6NYAU,SUBRE
500PU0000100l8DYAQ,SUBRE
500PU0000101kbSYAQ,SUBRE
500PU0000101sdlYAA,SUBRE
500PU0000101sc9YAA,SUBRE
500PU0000100rNhYAI,SUBRE
500PU0000101l66YAA,SUBRE
500PU0000101saXYAQ,SUBRE
500PU0000101NlMYAU,SUBRE
500PU0000101sYvYAI,SUBRE
500PU0000100fdqYAA,SUBRE
500PU0000101UYHYA2,SUBRE
500PU0000101dYNYAY,SUBRE
500PU00000zydJdYAI,SUBRO
500PU000010186fYAA,SUBRE
500PU0000101psqYAA,SUBRE
500PU0000100smWYAQ,SUBRE
500PU0000101D4SYAU,SUBRE
500PU0000101rPyYAI,SUBRE
500PU0000101LWaYAM,SUBRE
500PU0000101kEoYAI,SUBRE
500PU0000101sXJYAY,SUBRE
500PU0000100vZ3YAI,SUBRE
500PU0000101sVhYAI,SUBRE
500PU0000101RYpYAM,SUBRE
500PU0000101a5oYAA,SUBRE
500PU0000101ff1YAA,SUBRE
500PU0000101IosYAE,SUBRE
500PU0000101JRjYAM,SUBRE
500PU0000100tfLYAQ,SUBRE
500PU0000100YUHYA2,SUBRE
500PU0000101ipjYAA,SUBRE
500PU0000101PYbYAM,SUBRE
500PU0000101p9eYAA,SUBRE
500PU0000101JQ1YAM,SUBRE
500PU0000101bI2YAI,SUBRE
500PU0000101kOUYAY,SUBRE
500PU0000101UhzYAE,SUBRE
500PU0000101sKPYAY,SUBRE
500PU0000101R95YAE,SUBRE
500PU00001013V3YAI,SUBRE
500PU0000101JEhYAM,SUBRE
500PU0000101IVdYAM,SUBRE
500PU0000101E5MYAU,SUBRE
500PU0000101lAtYAI,SUBRE
500PU0000100zZNYAY,SUBRE
500PU0000101gxfYAA,SUBRE
500PU0000101qdaYAA,SUBRE
500PU00001019QcYAI,SUBRE
500PU00001018WFYAY,SUBRE
500PU0000101q7LYAQ,SUBRO
500PU00001016hXYAQ,SUBRE
500PU00001018w0YAA,SUBRE
500PU0000101oIUYAY,SUBRE
500PU0000101PojYAE,SUBRE
500PU0000101oFEYAY,SUBRE
500PU0000101cvbYAA,SUBRE
500PU000010142uYAA,SUBRE
500PU0000101LjZYAU,SUBRE
500PU0000101oITYAY,SUBRE
500PU0000101nEIYAY,SUBRE
500PU0000101NAGYA2,SUBRE
500PU0000101PAUYA2,SUBRE
500PU00001016O3YAI,SUBRE
500PU0000101hnEYAQ,SUBRE
500PU0000101rg6YAA,SUBRE
500PU0000101p6RYAQ,SUBRE
500PU0000101IfiYAE,SUBRE
500PU00001017yoYAA,SUBRE
500PU0000101kWZYAY,SUBRE
500PU0000101I2dYAE,SUBRE
500PU0000101kZoYAI,SUBRE
500PU0000101rOMYAY,SUBRE
500PU0000101lPOYAY,SUBRE
500PU0000101b6gYAA,SUBRE
500PU0000101GAQYA2,SUBRE
500PU0000101BHAYA2,SUBRE
500PU0000101dOhYAI,SUBRE
500PU0000101p83YAA,SUBRE
500PU0000101UoPYAU,SUBRE
500PU0000101kd1YAA,SUBRE
500PU0000100rNgYAI,SUBRE
500PU0000101RKKYA2,SUBRE
500PU0000101C3tYAE,SUBRE
500PU0000101CQ8YAM,SUBRE
500PU00001019FLYAY,SUBRE
500PU0000101iJUYAY,SUBRE
500PU0000101F36YAE,SUBRE
500PU0000101m5LYAQ,SUBRE
500PU000010142tYAA,SUBRE
500PU0000101qqUYAQ,SUBRE
500PU0000101s2fYAA,SUBRE
500PU0000101khsYAA,SUBRE
500PU0000101SY5YAM,SUBRE
500PU0000101HjAYAU,SUBRE
500PU0000101ZJSYA2,SUBRE
500PU00001013TlYAI,SUBRE
500PU0000101gO7YAI,SUBRE
500PU0000101GPCYA2,SUBRE
500PU0000100q9YYAQ,SUBRE
500PU0000101Y0qYAE,SUBRE
500PU0000101lAsYAI,SUBRE
500PU0000101CI4YAM,SUBRE
500PU0000101Zo7YAE,SUBRE
500PU0000101n9SYAQ,SUBRE
500PU0000101kGTYAY,SUBRE
500PU0000101koJYAQ,SUBRE
500PU0000101aNXYAY,SUBRE
500PU00001019SHYAY,SUBRE
500PU0000101WyGYAU,SUBRE
500PU0000101HzeYAE,SUBRE
500PU0000101pROYAY,SUBRE
500PU0000101rrNYAQ,SUBRE
500PU0000101f3vYAA,SUBRE
500PU0000101lFjYAI,SUBRE
500PU0000101lysYAA,SUBRE
500PU0000101nr0YAA,SUBRE
500PU0000101hf9YAA,SUBRE
500PU0000101mDOYAY,SUBRE
500PU0000101ro9YAA,SUBRE
500PU0000101X1TYAU,SUBRE
500PU0000101kDGYAY,SUBRE
500PU00001015tKYAQ,SUBRE
500PU0000101AmWYAU,SUBRE
500PU0000101avRYAQ,SUBRE
500PU0000101rkvYAA,SUBRE
500PU0000101U1yYAE,SUBRE
500PU0000101rjJYAQ,SUBRE
500PU0000101f3uYAA,SUBRE
500PU00000zykjLYAQ,SUBRE
500PU0000101EWnYAM,SUBRE
500PU0000101rY2YAI,SUBRE
500PU0000101KPEYA2,SUBRE
500PU0000101i9pYAA,SUBRE
500PU0000101YKBYA2,SUBRE
500PU0000101U5GYAU,SUBRE
500PU0000101TdtYAE,SUBRE
500PU0000100rjyYAA,SUBRE
500PU00001013Y9YAI,SUBRE
500PU0000101kZnYAI,SUBRE
500PU00000zxeZRYAY,SUBRE
500PU0000101rZdYAI,SUBRE
500PU0000101QuVYAU,SUBRE
500PU0000101ZRTYA2,SUBRE
500PU0000101NJuYAM,SUBRE
500PU0000101avQYAQ,SUBRE
500PU000010142sYAA,SUBRE
500PU0000101kbRYAQ,SUBRE
500PU00001019gxYAA,SUBRE
500PU0000101H3EYAU,SUBRE
500PU0000101oK2YAI,SUBRE
500PU0000101Pn8YAE,SUBRE
500PU0000101KtsYAE,SUBRE
500PU0000101nxUYAQ,SUBRE
500PU0000101gUaYAI,SUBRE
500PU00001016EHYAY,SUBRE
500PU0000101QuUYAU,SUBRE
500PU0000101OZOYA2,SUBRE
500PU0000101JRhYAM,SUBRE
500PU0000101YQZYA2,SUBRE
500PU0000101q8wYAA,SUBRE
500PU0000101nFuYAI,SUBRE
500PU00000zzz6kYAA,SUBRE
500PU0000101EIJYA2,SUBRE
500PU0000101r1mYAA,SUBRE
500PU000010102VYAQ,SUBRE
500PU0000101a2aYAA,SUBRE
500PU0000101exRYAQ,SUBRE
500PU0000101UYGYA2,SUBRE
500PU0000101Z0AYAU,SUBRE
500PU0000101qNTYAY,SUBRE
500PU0000101kecYAA,SUBRE
500PU0000101TvXYAU,SUBRE
500PU0000101EGfYAM,SUBRE
500PU0000101DUHYA2,SUBRE
500PU0000100k47YAA,SUBRE
500PU0000101Q3fYAE,SUBRE
500PU0000101LMwYAM,SUBRE
500PU0000100EaUYAU,SUBRE
500PU0000101pcgYAA,SUBRE
500PU0000101oyNYAQ,SUBRE
500PU0000101bhmYAA,SUBRE
500PU0000101pspYAA,SUBRE
500PU00001016KjYAI,SUBRE
500PU0000101OmHYAU,SUBRE
500PU0000101ZhdYAE,SUBRE
500PU0000100h9SYAQ,SUBRE
500PU0000101jfMYAQ,SUBRE
500PU0000101pnzYAA,SUBRE
500PU0000100qB7YAI,SUBRE
500PU0000101dmrYAA,SUBRE
500PU0000101E23YAE,SUBRE
500PU0000100hCZYAY,SUBRE
500PU0000100tfKYAQ,SUBRE
500PU0000101dOgYAI,SUBRE
500PU0000101iGEYAY,SUBRE
500PU0000100tPCYAY,SUBRE
500PU0000100rjxYAA,SUBRE
500PU0000101iOKYAY,SUBRE
500PU0000101qFOYAY,SUBRE
500PU0000100oUMYAY,SUBRE
500PU0000100lzRYAQ,SUBRE
500PU0000101YYeYAM,SUBRE
500PU0000101qIcYAI,SUBRE
500PU000010102UYAQ,SUBRE
500PU0000101Q88YAE,SUBRE
500PU0000101gHfYAI,SUBRE
500PU0000101oTiYAI,SUBRE
500PU000010173qYAA,SUBRE
500PU0000101fALYAY,SUBRE
500PU0000101R2bYAE,SUBRE
500PU0000101ZxlYAE,SUBRE
500PU0000101Vm8YAE,SUBRE
500PU0000101NdJYAU,SUBRE
500PU00001014SaYAI,SUBRE
500PU0000100AF8YAM,SUBRE
500PU0000101nSoYAI,SUBRE
500PU0000101BU7YAM,SUBRE
500PU0000101rBRYAY,SUBRE
500PU0000101ZCwYAM,SUBRE
500PU0000101mF1YAI,SUBRE
500PU0000101dy7YAA,SUBRE
500PU0000101NS2YAM,SUBRE
500PU0000101oYaYAI,SUBRE
500PU000010167qYAA,SUBRE
500PU0000101jLyYAI,SUBRE
500PU0000100WXSYA2,SUBRE
500PU0000101qbzYAA,SUBRE
500PU0000101r3NYAQ,SUBRE
500PU0000101BH9YAM,SUBRE
500PU0000101hAUYAY,SUBRE
500PU00001016UQYAY,SUBRE
500PU0000101oaAYAQ,SUBRE
500PU00001017euYAA,SUBRE
500PU0000101URqYAM,SUBRE
500PU0000101Ly5YAE,SUBRE
500PU0000101cSaYAI,SUBRE
500PU0000101g4kYAA,SUBRE
500PU00001013A1YAI,SUBRE
500PU0000101PC3YAM,SUBRE
500PU00001013bZYAQ,SUBRE
500PU00001017TbYAI,SUBRE
500PU0000101qyXYAQ,SUBRE
500PU0000101ee3YAA,SUBRE
500PU0000101MZ6YAM,SUBRE
500PU0000101qvJYAQ,SUBRE
500PU0000101e7pYAA,SUBRE
500PU0000101VxLYAU,SUBRE
500PU000010198yYAA,SUBRE
500PU000010122lYAA,SUBRE
500PU0000101qbyYAA,SUBRE
500PU00001013V1YAI,SUBRE
500PU0000101Qw9YAE,SUBRE
500PU0000101bBfYAI,SUBRE
500PU0000101i6YYAQ,SUBRE
500PU0000101AzQYAU,SUBRE
500PU0000100rjwYAA,SUBRE
500PU0000101pCtYAI,SUBRE
500PU0000101qqTYAQ,SUBRE
500PU0000101R5kYAE,SUBRE
500PU0000101CZsYAM,SUBRE
500PU00001011MfYAI,SUBRE
500PU0000100yAJYAY,SUBRE
500PU0000101cHIYAY,SUBRE
500PU0000101MxKYAU,SUBRE
500PU0000101qk1YAA,SUBRE
500PU0000101jsFYAQ,SUBRE
500PU0000101qiPYAQ,SUBRE
500PU0000101ZbBYAU,SUBRE
500PU0000101qfBYAQ,SUBRE
500PU0000101FcaYAE,SUBRE
500PU0000101exPYAQ,SUBRE
500PU0000101qdZYAQ,SUBRE
500PU0000101nW3YAI,SUBRE
500PU0000101gKwYAI,SUBRE
500PU0000101hDjYAI,SUBRE
500PU0000101UgMYAU,SUBRE
500PU0000101cNkYAI,SUBRE
500PU00001015TWYAY,SUBRE
500PU0000101on4YAA,SUBRE
500PU0000100rTgYAI,SUBRE
500PU0000101KHEYA2,SUBRE
500PU0000101qTtYAI,SUBRE
500PU0000101WwhYAE,SUBRE
500PU00001013RnYAI,SUBRE
500PU0000101qQfYAI,SUBRE
500PU0000100yAIYAY,SUBRE
500PU0000100qCjYAI,SUBRE
500PU0000101HBLYA2,SUBRO
500PU0000101NwiYAE,SUBRE
500PU0000101qP3YAI,SUBRE
500PU0000101qNRYAY,SUBRE
500PU0000100V6gYAE,SUBRE
500PU0000101oFCYAY,SUBRE
500PU0000101eXbYAI,SUBRE
500PU0000100dozYAA,SUBRE
500PU0000101ZMgYAM,SUBRE
500PU0000101fblYAA,SUBRE
500PU0000101qGzYAI,SUBRE
500PU0000101qDlYAI,SUBRE
500PU00001019nDYAQ,SUBRE
500PU00001012owYAA,SUBRE
500PU0000101lKYYAY,SUBRE
500PU0000101of1YAA,SUBRE
500PU0000101CVXYA2,SUBRE
500PU0000101LriYAE,SUBRE
500PU0000101nO1YAI,SUBRE
500PU0000100wJzYAI,SUBRE
500PU0000101OB8YAM,SUBRE
500PU0000101VpHYAU,SUBRE
500PU00001019K8YAI,SUBRE
500PU0000100jBMYAY,SUBRE
500PU00000zzy61YAA,SUBRE
500PU0000101q8vYAA,SUBRE
500PU0000101FFyYAM,SUBRE
500PU0000100jo3YAA,SUBRE
500PU0000101cPTYAY,SUBRE
500PU0000101XT0YAM,SUBRE
500PU0000101U6rYAE,SUBRE
500PU0000101fYXYAY,SUBRE
500PU00000zzCULYA2,SUBRE
500PU0000100cJPYAY,SUBRE
500PU0000101FeBYAU,SUBRE
500PU000010156xYAA,SUBRE
500PU0000101PNJYA2,SUBRE
500PU0000100YUGYA2,SUBRE
500PU0000100hF2YAI,SUBRE
500PU0000101l4QYAQ,SUBRE
500PU0000101GQTYA2,SUBRE
500PU0000101XPgYAM,SUBRE
500PU0000100nrgYAA,SUBRE
500PU0000101AoAYAU,SUBRE
500PU0000100hR9YAI,SUBRE
500PU0000101UpzYAE,SUBRE
500PU0000101ff0YAA,SUBRE
500PU0000101E3jYAE,SUBRE
500PU0000101RgtYAE,SUBRE
500PU0000101pnxYAA,SUBRE
500PU0000100V6eYAE,SUBRE
500PU0000101h7HYAQ,SUBRE
500PU0000101TPKYA2,SUBRE
500PU0000100vsMYAQ,SUBRE
500PU0000101SwGYAU,SUBRE
500PU0000101CZrYAM,SUBRE
500PU0000101ak9YAA,SUBRE
500PU0000101GIWYA2,SUBRE
500PU0000101pj7YAA,SUBRE
500PU0000101clvYAA,SUBRE
500PU0000101OefYAE,SUBRE
500PU0000101J1uYAE,SUBRE
500PU0000100smUYAQ,SUBRE
500PU000010156wYAA,SUBRE
500PU0000100xW1YAI,SUBRE
500PU0000101ogcYAA,SUBRE
500PU0000101IgoYAE,SUBRE
500PU0000101iuZYAQ,SUBRE
500PU0000101pftYAA,SUBRE
500PU0000100pv4YAA,SUBRE
500PU0000101peHYAQ,SUBRE
500PU0000101fJyYAI,SUBRE
500PU0000101Y8sYAE,SUBRE
500PU0000101BtrYAE,SUBRE
500PU0000101CbNYAU,SUBRE
500PU0000100ul5YAA,SUBRE
500PU00001017CJYAY,SUBRE
500PU0000101NwhYAE,SUBRE
500PU0000101WNBYA2,SUBRE
500PU0000101aXEYAY,SUBRE
500PU0000101pcfYAA,SUBRE
500PU0000101hnDYAQ,SUBRE
500PU00000zygVuYAI,SUBRE
500PU0000100YGKYA2,SUBRE
500PU0000101i9oYAA,SUBRE
500PU0000101DlzYAE,SUBRE
500PU0000101HETYA2,SUBRE
500PU0000101pWDYAY,SUBRE
500PU0000101WNAYA2,SUBRE
500PU0000101pSzYAI,SUBRE
500PU0000100uWTYAY,SUBRE
500PU0000101hoqYAA,SUBRE
500PU0000101pPlYAI,SUBRE
500PU0000100kYgYAI,SUBRE
500PU0000101EgSYAU,SUBRE
500PU0000101HROYA2,SUBRE
500PU00001014J0YAI,SUBRE
500PU0000101CBZYA2,SUBRE
500PU0000101CI3YAM,SUBRE
500PU0000101XxZYAU,SUBRE
500PU0000101pG5YAI,SUBRE
500PU0000101HeNYAU,SUBRE
500PU00000zzCUKYA2,SUBRE
500PU0000100OjTYAU,SUBRE
500PU0000101RgsYAE,SUBRE
500PU0000101mV8YAI,SUBRE
500PU0000101UuuYAE,SUBRE
500PU0000100wDJYAY,SUBRE
500PU0000101CEqYAM,SUBRE
500PU00001010QZYAY,SUBRE
500PU0000101mq7YAA,SUBRE
500PU0000101cIvYAI,SUBRE
500PU0000101RVfYAM,SUBRE
500PU0000101P41YAE,SUBRE
500PU0000101pBFYAY,SUBRE
500PU00001014XZYAY,SUBRE
500PU00001017TaYAI,SUBRE
500PU0000101LmmYAE,SUBRE
500PU0000101ak8YAA,SUBRE
500PU0000101p6PYAQ,SUBRE
500PU0000100YGJYA2,SUBRE
500PU0000100jxcYAA,SUBRE
500PU0000101p4nYAA,SUBRE
500PU0000101VMKYA2,SUBRE
500PU00001016kXYAQ,SUBRE
500PU0000101ZwAYAU,SUBRE
500PU0000101k1uYAA,SUBRE
500PU0000101Y5hYAE,SUBRE
500PU0000101P40YAE,SUBRE
500PU00001016UOYAY,SUBRE
500PU00001000Z7YAI,SUBRE
500PU0000101HciYAE,SUBRE
500PU00001010InYAI,SUBRE
500PU0000101dgNYAQ,SUBRE
500PU0000101Z8BYAU,SUBRE
500PU0000101MSlYAM,SUBRE
500PU0000100yBwYAI,SUBRE
500PU0000101GYhYAM,SUBRE
500PU0000101mWmYAI,SUBRE
500PU0000101FJ7YAM,SUBRE
500PU0000101otVYAQ,SUBRE
500PU0000101JQ0YAM,SUBRE
500PU0000100wGeYAI,SUBRE
500PU0000101g7yYAA,SUBRE
500PU0000101K7bYAE,SUBRE
500PU000010155nYAA,SUBRE
500PU0000100nmfYAA,SUBRE
500PU0000100YGIYA2,SUBRE
500PU0000101GDdYAM,SUBRE
500PU0000101a5nYAA,SUBRE
500PU0000101OO4YAM,SUBRE
500PU0000101RCIYA2,SUBRE
500PU0000101odOYAQ,SUBRE
500PU0000101YYdYAM,SUBRE
500PU0000101iWMYAY,SUBRE
500PU0000101lfWYAQ,SUBRE
500PU0000101gcdYAA,SUBRE
500PU00001017BJYAY,SUBRE
500PU00001016qzYAA,SUBRE
500PU0000100cJOYAY,SUBRE
500PU0000101OW5YAM,SUBRE
500PU0000100yoaYAA,SUBRE
500PU0000100yTiYAI,SUBRE
500PU0000100he6YAA,SUBRE
500PU0000101oblYAA,SUBRE
500PU0000101Wn0YAE,SUBRE
500PU0000101NodYAE,SUBRE
500PU0000101oGoYAI,SUBRE
500PU0000101HpZYAU,SUBRE
500PU0000101feyYAA,SUBRE
500PU0000101SEpYAM,SUBRE
500PU0000101oVJYAY,SUBRE
500PU0000101gBEYAY,SUBRE
500PU0000101QCwYAM,SUBRE
500PU0000101lvfYAA,SUBRE
500PU0000101ZT4YAM,SUBRE
500PU0000101bY9YAI,SUBRE
500PU0000100IKjYAM,SUBRE
500PU00001018BHYAY,SUBRE
500PU0000100YGHYA2,SUBRE
500PU0000101XntYAE,SUBRE
500PU0000100NAmYAM,SUBRE
500PU0000101hqRYAQ,SUBRE
500PU0000101ZuYYAU,SUBRE
500PU0000101oIPYAY,SUBRE
500PU00001019CAYAY,SUBRE
500PU0000101HZVYA2,SUBRE
500PU0000101o8jYAA,SUBRE
500PU0000101kmgYAA,SUBRE
500PU0000101gWAYAY,SUBRE
500PU0000101o5VYAQ,SUBRE
500PU00001015qDYAQ,SUBRE
500PU000010183DYAQ,SUBRE
500PU0000101bD9YAI,SUBRE
500PU0000101bBeYAI,SUBRE
500PU0000101fWwYAI,SUBRE
500PU0000101SeXYAU,SUBRE
500PU0000101QZVYA2,SUBRE
500PU0000101FPXYA2,SUBRE
500PU0000101c5zYAA,SUBRE
500PU00001018hVYAQ,SUBRE
500PU0000101QeMYAU,SUBRE
500PU0000101ecQYAQ,SUBRE
500PU0000100axXYAQ,SUBRE
500PU0000101jtrYAA,SUBRE
500PU0000100sDQYAY,SUBRE
500PU0000101nqzYAA,SUBRE
500PU0000101lHKYAY,SUBRE
500PU0000101dA7YAI,SUBRE
500PU0000101G2QYAU,SUBRE
500PU0000101MVtYAM,SUBRE
500PU00001011syYAA,SUBRE
500PU0000100YiwYAE,SUBRE
500PU0000100gzuYAA,SUBRE
500PU0000101JsxYAE,SUBRE
500PU0000101nhJYAQ,SUBRE
500PU0000101l1CYAQ,SUBRE
500PU00000zz0uYYAQ,SUBRE
500PU00000zyRAPYA2,SUBRE
500PU0000101YvDYAU,SUBRE
500PU0000101fa9YAA,SUBRE
500PU0000101Vu9YAE,SUBRE
500PU0000100jo1YAA,SUBRE
500PU0000101lVrYAI,SUBRE
500PU00001019C9YAI,SUBRE
500PU0000101ncTYAQ,SUBRE
500PU00001016ZIYAY,SUBRE
500PU0000101YX2YAM,SUBRE
500PU0000100rf7YAA,SUBRE
500PU0000100yIQYAY,SUBRE
500PU0000101l62YAA,SUBRE
500PU000010198wYAA,SUBRE
500PU0000100proYAA,SUBRE
500PU0000101nZFYAY,SUBRE
500PU0000101lNnYAI,SUBRE
500PU0000101XzAYAU,SUBRE
500PU0000101Cd1YAE,SUBRE
500PU0000101iEcYAI,SUBRE
500PU0000101VXZYA2,SUBRE
500PU00001013WXYAY,SUBRE
500PU0000101nUPYAY,SUBRE
500PU0000100yvPYAQ,SUBRE
500PU0000100kIiYAI,SUBRE
500PU0000101X6MYAU,SUBRE
500PU0000101mAAYAY,SUBRE
500PU0000101UgLYAU,SUBRE
500PU0000101myAYAQ,SUBRE
500PU0000101SptYAE,SUBRE
500PU0000101D1EYAU,SUBRE
500PU0000100fCZYAY,SUBRE
500PU0000101lxGYAQ,SUBRE
500PU0000101RH2YAM,SUBRE
500PU0000101G2PYAU,SUBRE
500PU0000101fexYAA,SUBRE
500PU0000101mbaYAA,SUBRE
500PU0000101jtqYAA,SUBRE
500PU0000101C3rYAE,SUBRE
500PU0000101nEHYAY,SUBRE
500PU0000101J07YAE,SUBRE
500PU0000100ZRzYAM,SUBRE
500PU0000100tDpYAI,SUBRE
500PU0000101irLYAQ,SUBRE
500PU0000101RKIYA2,SUBRE
500PU0000100xYHYAY,SUBRE
500PU0000100y2FYAQ,SUBRE
500PU00001016e4YAA,SUBRE
500PU00000zzOlXYAU,SUBRE
500PU0000101APxYAM,SUBRE
500PU0000101A4zYAE,SUBRE
500PU0000101mzlYAA,SUBRE
500PU00001004BOYAY,SUBRE
500PU0000101mwXYAQ,SUBRE
500PU0000100sckYAA,SUBRE
500PU0000101THHYA2,#N/A
500PU0000101NTYYA2,SUBRE
500PU0000101f0dYAA,SUBRE
500PU0000101ckNYAQ,SUBRE
500PU0000101XvuYAE,SUBRE
500PU0000101aIkYAI,SUBRE
500PU0000101PATYA2,SUBRE
500PU0000101afLYAQ,SUBRE
500PU00001016PWYAY,SUBRE
500PU0000101c18YAA,SUBRE
500PU00001013WWYAY,SUBRE
500PU0000101ENAYA2,SUBRE
500PU0000101VhFYAU,SUBRE
500PU0000101VSoYAM,SUBRE
500PU00001018PnYAI,SUBRE
500PU0000101mgPYAQ,SUBRE
500PU0000101gBCYAY,SUBRE
500PU000010164qYAA,SUBRE
500PU0000100zvzYAA,SUBRE
500PU0000101Mz1YAE,SUBRE
500PU0000101VXXYA2,SUBRE
500PU0000101d6tYAA,SUBRE
500PU00001011XuYAI,SUBRE
500PU0000100z9XYAQ,SUBRE
500PU0000100y8hYAA,SUBRE
500PU0000101D2oYAE,SUBRE
500PU0000101Ni8YAE,SUBRE
500PU0000100iVNYAY,SUBRE
500PU0000101WrsYAE,SUBRE
500PU0000101MalYAE,SUBRE
500PU0000101gnuYAA,SUBRE
500PU0000101kbPYAQ,SUBRE
500PU0000100UIiYAM,SUBRE
500PU00001015JmYAI,SUBRE
500PU00001011chYAA,SUBRE
500PU0000101X9cYAE,SUBRE
500PU000010130IYAQ,SUBRE
500PU00001011ZVYAY,SUBRE
500PU0000101mV7YAI,SUBRE
500PU0000101mTVYAY,SUBRE
500PU00001014HJYAY,SUBRE
500PU0000101Q84YAE,SUBRE
500PU0000101lqqYAA,SUBRE
500PU0000101bOTYAY,SUBRE
500PU0000101mOfYAI,SUBRE
500PU0000101VdyYAE,SUBRE
500PU0000101Hw7YAE,SUBRE
500PU0000100xVxYAI,SUBRE
500PU0000100fh4YAA,SUBRE
500PU0000100xZEYAY,SUBRE
500PU00001009vgYAA,SUBRE
500PU0000101k9yYAA,SUBRE
500PU00001015V5YAI,SUBRE
500PU0000101NocYAE,SUBRE
500PU0000101NF0YAM,SUBRE
500PU00001018ZWYAY,SUBRE
500PU000010193zYAA,SUBRE
500PU0000101mDNYAY,SUBRE
500PU0000100nEqYAI,SUBRE
500PU0000101kzaYAA,SUBRE
500PU0000101cp9YAA,SUBRE
500PU0000101NQSYA2,SUBRE
500PU0000101CVVYA2,SUBRE
500PU0000100NtyYAE,SUBRE
500PU0000101lagYAA,SUBRE
500PU0000101QG9YAM,SUBRE
500PU0000101QeLYAU,SUBRE
500PU0000100y8gYAA,SUBRE
500PU0000101WAGYA2,SUBRE
500PU0000101lveYAA,SUBRE
500PU00001015BlYAI,SUBRE
500PU0000101F4bYAE,SUBRE
500PU0000101geGYAQ,SUBRE
500PU0000101V1JYAU,SUBRE
500PU0000101C0KYAU,SUBRE
500PU0000101dWjYAI,SUBRE
500PU0000101T2mYAE,SUBRE
500PU0000101NAFYA2,SUBRE
500PU0000101E3iYAE,SUBRE
500PU0000101NdHYAU,SUBRE
500PU00001018MiYAI,SUBRE
500PU0000100hJAYAY,SUBRE
500PU0000101fAKYAY,SUBRE
500PU0000101h2RYAQ,SUBRE
500PU0000101GiIYAU,SUBRE
500PU0000101MB3YAM,SUBRE
500PU0000100itoYAA,SUBRE
500PU00000zzzehYAA,SUBRE
500PU0000101KkGYAU,SUBRE
500PU0000101VhEYAU,SUBRE
500PU0000101lcIYAQ,SUBRE
500PU0000101VPYYA2,SUBRE
500PU0000101NS0YAM,SUBRE
500PU0000101cQyYAI,SUBRE
500PU0000101lnZYAQ,SUBRE
500PU0000100z08YAA,SUBRE
500PU0000101NAEYA2,SUBRE
500PU0000101Z6XYAU,SUBRE
500PU0000101RNYYA2,SUBRE
500PU0000101JMqYAM,#N/A
500PU0000101gEUYAY,SUBRE
500PU0000101lh7YAA,SUBRE
500PU0000101D4QYAU,SUBRE
500PU0000101bTLYAY,SUBRE
500PU0000101HBJYA2,SUBRE
500PU0000101PyMYAU,SUBRE
500PU0000101IfgYAE,SUBRE
500PU0000101FCgYAM,SUBRE
500PU0000101FHdYAM,SUBRE
500PU0000101XBBYA2,SUBRE
500PU0000101JUqYAM,SUBRE
500PU0000101lafYAA,SUBRE
500PU0000101CedYAE,SUBRE
500PU0000101lVpYAI,SUBRE
500PU0000101LoOYAU,SUBRE
500PU0000100wrfYAA,SUBRE
500PU0000101WwdYAE,SUBRE
500PU0000100dH5YAI,SUBRE
500PU000010124KYAQ,SUBRE
500PU0000101WWuYAM,SUBRE
500PU0000101dWhYAI,SUBRE
500PU0000101lPNYAY,SUBRE
500PU0000100zJGYAY,SUBRE
500PU0000100h4fYAA,SUBRE
500PU0000101VkTYAU,SUBRE
500PU0000100okQYAQ,SUBRE
500PU0000101R93YAE,SUBRE
500PU0000101IYiYAM,SUBRE
500PU0000100jo0YAA,SUBRE
500PU0000101jfLYAQ,SUBRE
500PU0000101CTQYA2,SUBRE
500PU0000100prnYAA,SUBRE
500PU00001011UkYAI,SUBRE
500PU0000101dIIYAY,SUBRE
500PU0000101l9FYAQ,SUBRE
500PU0000101XnrYAE,SUBRE
500PU0000100NtxYAE,SUBRE
500PU0000100fu1YAA,SUBRE
500PU00001013BjYAI,SUBRE
500PU0000101OW3YAM,SUBRE
500PU0000101B2hYAE,SUBRE
500PU0000101kLGYAY,SUBRE
500PU0000101JeVYAU,SUBRE
500PU0000101QuSYAU,SUBRE
500PU0000101krVYAQ,SUBRE
500PU0000101IyXYAU,SUBRE
500PU0000101R91YAE,#N/A
500PU0000100wZvYAI,SUBRE
500PU0000101kmfYAA,SUBRE
500PU0000101RNXYA2,SUBRE
500PU0000101kl3YAA,SUBRE
500PU0000101JTBYA2,SUBRE
500PU0000101R7PYAU,SUBRE
500PU0000100uTHYAY,SUBRE
500PU00001015TVYAY,SUBRE
500PU0000101HrjYAE,SUBRE
500PU0000101k58YAA,SUBRE
500PU0000100aSqYAI,SUBRE
500PU0000101d23YAA,SUBRE
500PU0000100mykYAA,SUBRE
500PU0000101kebYAA,SUBRE
500PU0000100shWYAQ,SUBRE
500PU0000100nH0YAI,SUBRE
500PU0000100prmYAA,SUBRE
500PU0000101fbjYAA,SUBRE
500PU0000101i1iYAA,SUBRE
500PU0000101XCoYAM,SUBRE
500PU0000101KsJYAU,SUBRE
500PU0000101PFGYA2,SUBRE
500PU0000101kMsYAI,SUBRE
500PU0000101gMVYAY,SUBRE
500PU0000101bMpYAI,SUBRO
500PU0000101kQ5YAI,SUBRE
500PU0000100vE2YAI,SUBRE
500PU0000101YbxYAE,SUBRE
500PU0000101eSkYAI,SUBRE
500PU0000101kJeYAI,SUBRE
500PU0000100oyqYAA,SUBRE
500PU0000101OGAYA2,SUBRE
500PU0000101IXkYAM,SUBRE
500PU0000100rrvYAA,SUBRE
500PU0000101kI1YAI,SUBRE
500PU00000zykWNYAY,SUBRE
500PU0000101A4yYAE,SUBRE
500PU0000101GAOYA2,SUBRE
500PU0000101JUnYAM,SUBRE
500PU0000101LlHYAU,SUBRE
500PU0000101kDBYAY,SUBRE
500PU0000101DfXYAU,SUBRE
500PU0000101cHHYAY,SUBRE
500PU0000101KKQYA2,SUBRE
500PU00000zyg6EYAQ,SUBRE
500PU0000100rWxYAI,SUBRE
500PU0000100WZ2YAM,SUBRE
500PU0000100bs8YAA,SUBRE
500PU0000100xe1YAA,SUBRE
500PU0000101k9xYAA,SUBRE
500PU0000101h43YAA,SUBRE
500PU0000101k8LYAQ,SUBRE
500PU00001011PqYAI,SUBRE
500PU0000100nRiYAI,SUBRE
500PU0000101hopYAA,SUBRE
500PU0000101UZuYAM,SUBRE
500PU0000101ILqYAM,SUBRE
500PU0000100xHYYAY,SUBRE
500PU0000101RvPYAU,SUBRE
500PU0000101PAQYA2,SUBRE
500PU0000100y3kYAA,SUBRE
500PU0000101bmfYAA,SUBRE
500PU0000100sZWYAY,SUBRE
500PU0000101k1tYAA,SUBRE
500PU00001010X2YAI,SUBRE
500PU0000101VShYAM,SUBRE
500PU0000101RdeYAE,SUBRE
500PU00001012TyYAI,SUBRE
500PU0000100pBjYAI,SUBRE
500PU0000100ngsYAA,SUBRE
500PU0000100qPoYAI,SUBRE
500PU0000100cclYAA,SUBRE
500PU0000101UA2YAM,SUBRE
500PU0000100xFnYAI,SUBRE
500PU0000100nzuYAA,SUBRE
500PU0000100p8ZYAQ,SUBRE
500PU00001012FUYAY,SUBRE
500PU0000100mvyYAA,SUBRE
500PU0000101WQLYA2,SUBRE
500PU0000100njVYAQ,SUBRE
500PU0000101QmMYAU,SUBRE
500PU0000100vFbYAI,SUBRO
500PU0000100hz8YAA,SUBRE
500PU00001019C7YAI,SUBRE
500PU0000100cRfYAI,SUBRE
500PU0000101UtDYAU,SUBRE
500PU0000101RDmYAM,SUBRE
500PU00001010yQYAQ,SUBRE
500PU0000101CJiYAM,SUBRE
500PU00000zzn0lYAA,SUBRE
500PU000010130FYAQ,SUBRE
500PU0000101GgbYAE,SUBRE
500PU0000101OMMYA2,SUBRE
500PU0000101M1MYAU,SUBRE
500PU0000101RX9YAM,SUBRE
500PU0000100cCyYAI,SUBRE
500PU0000100kglYAA,SUBRE
500PU0000101OcUYAU,SUBRE
500PU000010166BYAQ,SUBRE
500PU00001018j2YAA,SUBRE
500PU0000100h4aYAA,SUBRE
500PU00001013GSYAY,SUBRE
500PU0000101VxJYAU,SUBRE
500PU0000101VcMYAU,SUBRE
500PU0000101QWFYA2,SUBRE
500PU0000100m19YAA,SUBRE
500PU0000101ORGYA2,SUBRE
500PU0000101IAVYA2,SUBRE
500PU0000100kU6YAI,SUBRE
500PU0000101SEhYAM,SUBRE
500PU0000101FKkYAM,SUBRE
500PU0000100wTOYAY,SUBRE
500PU00001014ItYAI,SUBRE
500PU0000100kU5YAI,SUBRE
500PU000010149EYAQ,SUBRE
500PU0000101BtpYAE,SUBRE
500PU0000101FFsYAM,SUBRE
500PU0000101FFrYAM,SUBRE
500PU0000101EmoYAE,SUBRE
500PU0000100u6cYAA,SUBRE
500PU0000101KQqYAM,SUBRE
500PU0000100ktfYAA,SUBRE
500PU0000100tgoYAA,SUBRE
500PU0000101PbnYAE,SUBRE
500PU0000100k7YYAQ,SUBRE
500PU0000101RvMYAU,SUBRE
500PU0000101RotYAE,SUBRE
500PU0000100ukzYAA,SUBRE
500PU0000100sEiYAI,SUBRE
500PU0000101VcLYAU,SUBRE
500PU0000100nUyYAI,SUBRE
500PU0000101VXVYA2,SUBRE
500PU00001016sWYAQ,SUBRE
500PU0000100iLeYAI,SUBRE
500PU0000101VVtYAM,SUBRE
500PU0000101IXiYAM,SUBRE
500PU0000100xm5YAA,SUBRE
500PU0000101VUHYA2,SUBRE
500PU0000101Pf3YAE,SUBRE
500PU0000100i8gYAA,SUBRE
500PU0000100zr6YAA,SUBRE
500PU00001018ftYAA,SUBRE
500PU00001014duYAA,SUBRE
500PU0000100UfLYAU,SUBRE
500PU0000100pyCYAQ,SUBRE
500PU0000101S1oYAE,SUBRE
500PU0000100lBQYAY,SUBRE
500PU0000101A3HYAU,SUBRE
500PU0000101QzOYAU,SUBRE
500PU00001016qwYAA,SUBRE
500PU00001016VvYAI,SUBRE
500PU0000101Ey8YAE,SUBRE
500PU0000100MHsYAM,SUBRE
500PU0000101LOUYA2,SUBRE
500PU0000101NtMYAU,SUBRE
500PU0000100xHTYAY,SUBRE
500PU0000101UegYAE,SUBRE
500PU0000101VE9YAM,SUBRE
500PU0000100xkYYAQ,SUBRE
500PU00001018kmYAA,SUBRE
500PU0000101V9JYAU,SUBRE
500PU0000101S1nYAE,SUBRE
500PU0000101Ao6YAE,SUBRE
500PU00001015gUYAQ,SUBRE
500PU0000101PVKYA2,SUBRE
500PU0000100goWYAQ,SUBRE
500PU0000101MSfYAM,SUBRE
500PU0000101MZ5YAM,SUBRE
500PU0000100WlrYAE,SUBRE
500PU00001012apYAA,SUBRE
500PU0000101UmjYAE,SUBRE
500PU0000100auKYAQ,SUBRE
500PU0000101COQYA2,SUBRE
500PU0000100jCmYAI,SUBRE
500PU0000101Q4oYAE,SUBRE
500PU0000100WYwYAM,SUBRE
500PU0000100tvMYAQ,SUBRE
500PU0000100zhNYAQ,SUBRE
500PU0000100yn7YAA,SUBRE
500PU0000100xu2YAA,SUBRE
500PU0000101CMsYAM,SUBRE
500PU0000101Ud3YAE,SUBRE
500PU0000101LbQYAU,SUBRE
500PU0000101UZpYAM,SUBRE
500PU0000101TqgYAE,SUBRE
500PU0000101O6EYAU,SUBRE
500PU0000101J9sYAE,SUBRE
500PU0000101UUzYAM,SUBRE
500PU0000101EWkYAM,SUBRE
500PU0000101OKkYAM,SUBRE
500PU0000100hnkYAA,SUBRE
500PU0000101MahYAE,SUBRE
500PU0000101UMvYAM,SUBRE
500PU0000100fasYAA,SUBRE
500PU0000100UfJYAU,SUBRE
500PU0000101ScsYAE,SUBRE
500PU0000101GYZYA2,SUBRE
500PU0000100vH9YAI,SUBRE
500PU00001012goYAA,SUBRE
500PU0000101NwcYAE,SUBRE
500PU0000101DCSYA2,SUBRE
500PU00001010C2YAI,SUBRE
500PU00000zzwoqYAA,SUBRE
500PU0000100vE0YAI,SUBRE
500PU00001015tEYAQ,SUBRE
500PU0000101UErYAM,SUBRE
500PU0000100qSzYAI,SUBRE
500PU0000101NRyYAM,SUBRE
500PU0000101McJYAU,SUBRE
500PU0000101NwaYAE,SUBRE
500PU00001015IAYAY,SUBRE
500PU0000100hMIYAY,SUBRE
500PU0000100v61YAA,SUBRE
500PU0000100WPKYA2,SUBRE
500PU0000101JOLYA2,SUBRE
500PU0000101KvUYAU,SUBRE
500PU0000100wGbYAI,SUBRE
500PU0000101MVqYAM,SUBRE
500PU0000101Qw3YAE,SUBRE
500PU0000100flqYAA,SUBRE
500PU0000100yDUYAY,SUBRE
500PU00000zyvd7YAA,SUBRE
500PU0000100YscYAE,SUBRE
500PU0000101KLzYAM,#N/A
500PU00001010vAYAQ,SUBRE
500PU0000101MagYAE,SUBRE
500PU00001019aMYAQ,SUBRE
500PU0000101LjTYAU,SUBRE
500PU00001012iaYAA,SUBRE
500PU0000100cjHYAQ,SUBRE
500PU0000101U3ZYAU,SUBRE
500PU00001016PTYAY,SUBRE
500PU0000100WkMYAU,SUBRE
500PU0000100Vg7YAE,SUBRE
500PU0000101TyjYAE,SUBRE
500PU0000101FO3YAM,SUBRE
500PU00001014HGYAY,SUBRE
500PU0000100VTJYA2,SUBRE
500PU000010139vYAA,SUBRE
500PU0000101KFYYA2,SUBRE
500PU00001015i0YAA,SUBRE
500PU0000101DR0YAM,SUBRE
500PU0000100GHOYA2,SUBRE
500PU000010100rYAA,SUBRE
500PU0000100taOYAQ,SUBRE
500PU0000101Tp3YAE,SUBRE
500PU0000100PCbYAM,SUBRE
500PU0000100k7WYAQ,SUBRE
500PU0000100xBSYAY,SUBRE
500PU0000101ILoYAM,SUBRE
500PU0000101TkDYAU,SUBRE
500PU0000100qPmYAI,SUBRE
500PU0000100yYVYAY,SUBRE
500PU00000zzy15YAA,SUBRE
500PU0000100rnHYAQ,SUBRE
500PU00001010M0YAI,SUBRE
500PU0000101QPpYAM,SUBRE
500PU0000100DcpYAE,SUBRE
500PU0000101E5JYAU,SUBRE
500PU00001011RSYAY,SUBRE
500PU0000101PqJYAU,SUBRE
500PU0000100YhHYAU,SUBRE
500PU0000101EIEYA2,SUBRE
500PU0000101LbPYAU,SUBRE
500PU0000100vViYAI,SUBRE
500PU0000101S51YAE,SUBRE
500PU0000101NlHYAU,SUBRE
500PU00001016sVYAQ,SUBRE
500PU00001015moYAA,SUBRE
500PU0000100ogAYAQ,SUBRE
500PU0000101OF5YAM,SUBRE
500PU000010136hYAA,SUBRE
500PU0000101OvrYAE,SUBRE
500PU00001010v9YAA,SUBRE
500PU0000101ME6YAM,SUBRE
500PU0000100xPSYAY,SUBRE
500PU00001013gBYAQ,SUBRE
500PU0000101TaXYAU,SUBRE
500PU00001019daYAA,SUBRE
500PU0000101GtTYAU,SUBRE
500PU0000101QzLYAU,SUBRE
500PU0000101SL8YAM,SUBRE
500PU0000101EtHYAU,SUBRE
500PU0000100RmMYAU,SUBRE
500PU0000101Eq3YAE,SUBRE
500PU0000100XrZYAU,SUBRE
500PU0000100ksDYAQ,SUBRE
500PU00001012nTYAQ,SUBRE
500PU0000101TU5YAM,SUBRE
500PU0000101QeIYAU,SUBRE
500PU0000101184YAA,SUBRE
500PU0000101N3jYAE,SUBRE
500PU0000100R1SYAU,SUBRE
500PU0000100yBsYAI,SUBRE
500PU0000100nOZYAY,SUBRE
500PU0000100fXVYAY,SUBRE
500PU00001010gjYAA,SUBRE
500PU00001008GXYAY,SUBRE
500PU0000101TM1YAM,SUBRE
500PU0000101SxqYAE,SUBRE
500PU0000101QnzYAE,SUBRE
500PU0000100lBPYAY,SUBRE
500PU0000100Wp9YAE,SUBRE
500PU0000101OxTYAU,SUBRE
500PU00000zzy13YAA,SUBRE
500PU0000100mQtYAI,SUBRE
500PU0000100yn6YAA,SUBRE
500PU00001019qOYAQ,SUBRE
500PU0000101BAeYAM,SUBRE
500PU0000101Fm9YAE,SUBRE
500PU0000100nTNYAY,SUBRE
500PU00000zzy5rYAA,SUBRE
500PU0000100leXYAQ,SUBRE
500PU0000100kFMYAY,SUBRE
500PU0000101TCLYA2,SUBRE
500PU0000100tCCYAY,SUBRE
500PU0000100iv6YAA,SUBRE
500PU0000100sY7YAI,SUBRE
500PU0000100igcYAA,SUBRE
500PU0000101AMcYAM,SUBRE
500PU0000101OCiYAM,SUBRE
500PU0000100lucYAA,SUBRE
500PU0000101TAjYAM,SUBRE
500PU0000100rtbYAA,SUBRE
500PU0000100zuQYAQ,SUBRE
500PU0000101E6wYAE,SUBRE
500PU0000100jkkYAA,SUBRE
500PU0000101Ga9YAE,SUBRE
500PU0000101FHVYA2,SUBRE
500PU0000100ZjiYAE,SUBRE
500PU0000100qPlYAI,SUBRE
500PU0000100fSZYAY,SUBRE
500PU0000100Vi8YAE,SUBRE
500PU0000100yetYAA,SUBRE
500PU00000zzA4IYAU,SUBRE
500PU0000101JplYAE,SUBRE
500PU0000101FuHYAU,SUBRE
500PU0000101HfsYAE,SUBRE
500PU0000101GbjYAE,SUBRE
500PU00001018uJYAQ,SUBRE
500PU0000100vyqYAA,SUBRE
500PU0000100KWCYA2,SUBRE
500PU0000101LQ6YAM,SUBRE
500PU0000100WQuYAM,SUBRE
500PU0000100DHpYAM,SUBRE
500PU0000100ou2YAA,SUBRE
500PU0000100sG7YAI,SUBRE
500PU0000100qHWYAY,SUBRE
500PU0000101M2oYAE,SUBRE
500PU0000100pIKYAY,SUBRE
500PU000010190mYAA,SUBRE
500PU0000100kU2YAI,SUBRE
500PU0000100ORjYAM,SUBRE
500PU0000101K4FYAU,SUBRE
500PU0000100leWYAQ,SUBRE
500PU0000100XBfYAM,SUBRE
500PU0000100sjFYAQ,SUBRE
500PU0000100y5nYAA,SUBRE
500PU0000100wV3YAI,SUBRE
500PU0000101SplYAE,SUBRE
500PU00001017WqYAI,SUBRE
500PU0000100jBGYAY,SUBRE
500PU0000101183YAA,SUBRE
500PU0000101CxuYAE,SUBRE
500PU0000100qpNYAQ,SUBRE
500PU0000100nzsYAA,SUBRE
500PU0000100ibgYAA,SUBRE
500PU0000100n6nYAA,SUBRE
500PU0000100dQkYAI,SUBRE
500PU0000101Sg5YAE,SUBRE
500PU00001011jJYAQ,SUBRE
500PU00001016CcYAI,SUBRE
500PU0000101Fz3YAE,SUBRE
500PU0000100xxOYAQ,SUBRE
500PU0000101QkkYAE,SUBRE
500PU0000101IoqYAE,SUBRE
500PU00001012YuYAI,SUBRE
500PU0000101HHfYAM,SUBRE
500PU0000101RdbYAE,SUBRE
500PU0000101JeRYAU,SUBRE
500PU0000101LMsYAM,SUBRE
500PU0000100hKfYAI,SUBRE
500PU0000100rrtYAA,SUBRE
500PU0000100zuPYAQ,SUBRE
500PU0000101Eq2YAE,SUBRE
500PU0000101OizYAE,SUBRE
500PU0000100yVFYAY,SUBRE
500PU0000101ETVYA2,SUBRE
500PU0000100vYwYAI,SUBRE
500PU0000101BXEYA2,SUBRE
500PU0000100n59YAA,SUBRE
500PU0000101KdiYAE,SUBRE
500PU0000100hsYYAQ,SUBRE
500PU0000100peqYAA,SUBRE
500PU0000101KnPYAU,SUBRE
500PU0000101SWPYA2,SUBRE
500PU0000100BLKYA2,SUBRE
500PU0000101SUnYAM,SUBRE
500PU0000100YitYAE,SUBRE
500PU00000zzvETYAY,SUBRE
500PU0000100tqaYAA,SUBRE
500PU0000101SPyYAM,SUBRE
500PU0000101EgOYAU,SUBRE
500PU0000101SRZYA2,SUBRE
500PU0000100cReYAI,SUBRE
500PU0000100ksCYAQ,SUBRE
500PU00001019SDYAY,SUBRE
500PU0000101CBXYA2,SUBRE
500PU0000100WMDYA2,SUBRE
500PU00000zz6nCYAQ,SUBRE
500PU0000100fqlYAA,SUBRE
500PU0000100q7wYAA,SUBRE
500PU0000101GNDYA2,SUBRE
500PU00001016hPYAQ,SUBRE
500PU0000100R1RYAU,SUBRE
500PU0000100yNCYAY,SUBRE
500PU0000101NnBYAU,SUBRE
500PU0000100u8HYAQ,SUBRE
500PU0000100qPkYAI,SUBRE
500PU0000100yWrYAI,SUBRE
500PU0000101SEfYAM,SUBRE
500PU0000101Nq7YAE,SUBRE
500PU0000101NRxYAM,SUBRE
500PU0000100wYKYAY,SUBRE
500PU00001015y3YAA,SUBRE
500PU0000100lGIYAY,SUBRE
500PU0000100tvLYAQ,SUBRE
500PU0000100abAYAQ,SUBRE
500PU00001019wvYAA,SUBRE
500PU0000101RCAYA2,SUBRE
500PU0000101S6bYAE,SUBRE
500PU0000101LEqYAM,SUBRE
500PU0000101PWxYAM,SUBRE
500PU00001017yhYAA,SUBRE
500PU0000100wYJYAY,SUBRE
500PU0000101JRXYA2,SUBRE
500PU0000101OpPYAU,SUBRE
500PU0000101DQzYAM,SUBRE
500PU0000101HfrYAE,SUBRE
500PU00001014VqYAI,SUBRE
500PU0000100fcGYAQ,SUBRE
500PU0000101KibYAE,SUBRE
500PU00001016nrYAA,SUBRE
500PU00001013WTYAY,SUBRE
500PU00000zyvd6YAA,SUBRE
500PU00000zztEjYAI,SUBRE
500PU0000100z9VYAQ,SUBRE
500PU0000101FJ4YAM,SUBRE
500PU0000100M6dYAE,SUBRE
500PU0000101KYtYAM,SUBRE
500PU00001016NsYAI,SUBRE
500PU00001013aAYAQ,SUBRE
500PU0000101FHTYA2,SUBRE
500PU0000100zPgYAI,SUBRE
500PU0000101AjFYAU,SUBRE
500PU0000101RqTYAU,SUBRE
500PU0000101GwjYAE,SUBRE
500PU0000101JjLYAU,SUBRE
500PU0000100gAAYAY,SUBRE
500PU0000101NQMYA2,SUBRE
500PU0000101RAYYA2,SUBRE
500PU00001019orYAA,SUBRE
500PU0000101N0UYAU,SUBRE
500PU0000101MUiYAM,SUBRE
500PU0000101Rk2YAE,SUBRE
500PU0000100ObVYAU,SUBRE
500PU0000101Fm8YAE,SUBRE
500PU0000100x7hYAA,SUBRE
500PU0000100eMrYAI,SUBRE
500PU0000101FO2YAM,SUBRE
500PU0000101RorYAE,SUBRE
500PU00001019wuYAA,SUBRE
500PU0000100Vy1YAE,SUBRE
500PU0000100sbEYAQ,SUBRE
500PU0000101PFCYA2,SUBRE
500PU0000100xMlYAI,SUBRE
500PU0000100pepYAA,SUBRE
500PU0000101INPYA2,SUBRE
500PU0000100oimYAA,SUBRE
500PU0000100vdpYAA,SUBRE
500PU0000101IvIYAU,SUBRE
500PU0000100ZldYAE,SUBRE
500PU0000100kCFYAY,SUBRE
500PU0000101Q9eYAE,SUBRE
500PU00001012tmYAA,SUBRE
500PU0000101KVfYAM,SUBRE
500PU0000101NH3YAM,SUBRE
500PU0000100rQZYAY,SUBRE
500PU0000101JT8YAM,SUBRE
500PU0000101E3hYAE,SUBRE
500PU0000100q6hYAA,SUBRE
500PU0000101RfBYAU,SUBRE
500PU0000101RdZYAU,SUBRE
500PU0000101DxGYAU,SUBRE
500PU0000100yBrYAI,SUBRE
500PU0000100eTuYAI,SUBRE
500PU0000100jkjYAA,SUBRE
500PU00001003gbYAA,SUBRE
500PU0000100qoJYAQ,SUBRE
500PU0000101LEpYAM,SUBRE
500PU0000101Qw2YAE,SUBRE
500PU0000100qflYAA,SUBRE
500PU0000101RX7YAM,SUBRE
500PU000010133TYAQ,SUBRE
500PU0000100fqkYAA,SUBRE
500PU0000100z7xYAA,SUBRE
500PU00001013GKYAY,SUBRE
500PU0000101JWPYA2,SUBRE
500PU0000101Bx2YAE,SUBRE
500PU0000100kLpYAI,SUBRE
500PU0000101NgQYAU,SUBRE
500PU0000101RQfYAM,SUBRE
500PU00001016MIYAY,SUBRE
500PU0000101GqGYAU,SUBRE
500PU0000101PzyYAE,SUBRE
500PU0000101DfVYAU,SUBRE
500PU0000101DxFYAU,SUBRE
500PU00001007PIYAY,SUBRE
500PU0000100rGuYAI,SUBRE
500PU0000101RLpYAM,SUBRE
500PU0000100fSYYAY,SUBRE
500PU0000100o9KYAQ,SUBRE
500PU000010142oYAA,SUBRE
500PU0000101OkbYAE,SUBRE
500PU0000100cmWYAQ,SUBRE
500PU0000101RKDYA2,SUBRE
500PU0000100mfMYAQ,SUBRE
500PU0000101GDXYA2,SUBRE
500PU0000101QG7YAM,SUBRE
500PU0000100d2UYAQ,SUBRE
500PU0000100m7WYAQ,SUBRE
500PU0000100mE0YAI,SUBRE
500PU00001016hOYAQ,SUBRE
500PU0000101A04YAE,SUBRE
500PU0000100RxUYAU,SUBRE
500PU0000100n6lYAA,SUBRE
500PU0000101PqIYAU,SUBRE
500PU0000101Kc8YAE,SUBRE
500PU00001016dzYAA,SUBRE
500PU0000100ntEYAQ,SUBRE
500PU0000101RAXYA2,SUBRE
500PU00001016nqYAA,SUBRE
500PU0000100rf4YAA,SUBRE
500PU00000zzMIIYA2,SUBRE
500PU0000101DfUYAU,SUBRE
500PU0000100ZIJYA2,SUBRE
500PU0000100KpUYAU,SUBRE
500PU00001016ccYAA,SUBRE
500PU00001011wJYAQ,SUBRE
500PU00001015gSYAQ,SUBRE
500PU0000100r2IYAQ,SUBRE
500PU0000101PIQYA2,SUBRE
500PU0000100GxKYAU,SUBRE
500PU0000101QzFYAU,SUBRE
500PU000010119hYAA,SUBRE
500PU0000100nZmYAI,SUBRE
500PU0000101KIlYAM,SUBRE
500PU0000100h1RYAQ,SUBRE
500PU0000101KFXYA2,SUBRE
500PU00001015N7YAI,SUBRE
500PU0000101OpOYAU,SUBRE
500PU0000100sG6YAI,SUBRE
500PU0000101NQKYA2,SUBRE
500PU0000101QsnYAE,SUBRE
500PU0000100lmhYAA,SUBRE
500PU0000101A9iYAE,SUBRE
500PU0000100fywYAA,SUBRE
500PU0000100gTfYAI,SUBRE
500PU0000100vMpYAI,SUBRE
500PU0000100tKFYAY,SUBRE
500PU00001012qaYAA,SUBRE
500PU0000100xSlYAI,SUBRE
500PU0000100igbYAA,SUBRE
500PU0000101KLyYAM,SUBRE
500PU0000100kE1YAI,SUBRE
500PU0000100jPmYAI,SUBRE
500PU00001016K0YAI,SUBRE
500PU0000101ApfYAE,SUBRE
500PU0000101GLbYAM,SUBRE
500PU0000101OfkYAE,SUBRE
500PU0000101EJrYAM,SUBRE
500PU0000100nzqYAA,SUBRE
500PU0000101PS6YAM,SUBRE
500PU0000100V1wYAE,SUBRE
500PU0000100j6NYAQ,SUBRE
500PU0000101KsEYAU,SUBRE
500PU0000101QUcYAM,SUBRE
500PU0000100VLEYA2,SUBRE
500PU0000100vVgYAI,SUBRE
500PU0000100ZOnYAM,SUBRE
500PU0000100l6eYAA,SUBRE
500PU0000101JOIYA2,SUBRE
500PU0000100gTeYAI,SUBRE
500PU0000101M63YAE,SUBRE
500PU00001010IlYAI,SUBRE
500PU0000100HrvYAE,SUBRE
500PU0000101BIhYAM,SUBRE
500PU0000101EIDYA2,SUBRE
500PU0000100ZRwYAM,SUBRE
500PU0000100snyYAA,SUBRE
500PU0000101EICYA2,SUBRE
500PU000010002wYAA,SUBRE
500PU0000101PByYAM,SUBRE
500PU0000101L1xYAE,SUBRE
500PU0000101QZRYA2,SUBRE
500PU0000101QWDYA2,SUBRE
500PU0000101QXpYAM,SUBRE
500PU000010161AYAQ,SUBRE
500PU0000100bvKYAQ,SUBRE
500PU00001014igYAA,SUBRE
500PU0000101OCgYAM,SUBRE
500PU00001012IhYAI,SUBRE
500PU00001012tlYAA,SUBRE
500PU0000100cZZYAY,SUBRE
500PU0000101ItfYAE,SUBRE
500PU0000101NQJYA2,SUBRE
500PU0000101QJJYA2,SUBRE
500PU000010170aYAA,SUBRE
500PU0000100gGxYAI,SUBRE
500PU0000101BVdYAM,SUBRE
500PU0000101Hj6YAE,SUBRE
500PU00001011xfYAA,SUBRE
500PU0000100WihYAE,SUBRE
500PU0000100zMaYAI,SUBRE
500PU0000101HG6YAM,SUBRE
500PU0000100gJqYAI,SUBRE
500PU0000101B11YAE,SUBRE
500PU0000101LzaYAE,SUBRE
500PU0000101Ed8YAE,SUBRE
500PU0000100y26YAA,SUBRE
500PU0000101KH8YAM,SUBRE
500PU0000101CZjYAM,SUBRE
500PU0000100sEgYAI,SUBRE
500PU000010195wYAA,SUBRE
500PU0000101Cl4YAE,SUBRE
500PU0000100ZeuYAE,SUBRE
500PU0000101OfiYAE,SUBRE
500PU00001019SBYAY,SUBRE
500PU00001015GYYAY,SUBRE
500PU0000100xhFYAQ,SUBRE
500PU0000101Q4nYAE,SUBRE
500PU0000101Q6PYAU,SUBRE
500PU0000100q08YAA,SUBRE
500PU0000100L2YYAU,SUBRE
500PU0000101Cl3YAE,SUBRE
500PU0000100pACYAY,SUBRE
500PU0000100og8YAA,SUBRE
500PU00001016vlYAA,SUBRE
500PU0000101OF3YAM,SUBRE
500PU0000101PyLYAU,SUBRE
500PU000010178jYAA,SUBRE
500PU0000100w8UYAQ,SUBRE
500PU0000101Pv7YAE,SUBRE
500PU0000100fCYYAY,SUBRE
500PU0000101PqHYAU,SUBRE
500PU0000100jb4YAA,SUBRE
500PU00001002cdYAA,SUBRE
500PU0000101FnmYAE,SUBRE
500PU00001011HmYAI,SUBRE
500PU0000100iWyYAI,SUBRE
500PU0000100rf2YAA,SUBRE
500PU0000100yrmYAA,SUBRE
500PU0000100lMhYAI,SUBRE
500PU0000100wBnYAI,SUBRE
500PU0000101FHSYA2,SUBRE
500PU00001012TwYAI,SUBRE
500PU0000101APtYAM,SUBRE
500PU0000101PjpYAE,SUBRE
500PU0000100vp8YAA,SUBRE
500PU0000100DsqYAE,SUBRE
500PU000010122aYAA,SUBRE
500PU0000101PiDYAU,SUBRE
500PU0000101GGqYAM,SUBRE
500PU0000101PezYAE,SUBRE
500PU0000100WYsYAM,SUBRE
500PU0000101PdNYAU,SUBRE
500PU0000100c4zYAA,SUBRE
500PU0000100jZbYAI,SUBRE
500PU0000101Pa9YAE,SUBRE
500PU0000100pVDYAY,SUBRE
500PU0000100nhqYAA,SUBRE
500PU0000100wl4YAA,SUBRE
500PU0000100penYAA,SUBRE
500PU0000100qeFYAQ,SUBRE
500PU0000100wDIYAY,SUBRE
500PU00001014ifYAA,SUBRE
500PU0000100qHUYAY,SUBRE
500PU0000101IlaYAE,SUBRE
500PU0000100mIpYAI,SUBRE
500PU0000100o7iYAA,SUBRE
500PU00001016hIYAQ,SUBRE
500PU00001013jLYAQ,SUBRE
500PU0000100YGCYA2,SUBRE
500PU00001016ZAYAY,SUBRE
500PU0000100KmPYAU,SUBRE
500PU0000101B7RYAU,SUBRE
500PU0000100WPHYA2,SUBRE
500PU0000100ttmYAA,SUBRE
500PU0000101Jo7YAE,SUBRE
500PU0000101L9yYAE,SUBRE
500PU0000101C9vYAE,SUBRE
500PU0000100vnVYAQ,SUBRE
500PU0000101Ab9YAE,SUBRE
500PU00001011L1YAI,SUBRE
500PU0000101CpzYAE,SUBRE
500PU0000101FuEYAU,SUBRE
500PU0000100kK9YAI,SUBRE
500PU0000100vYvYAI,SUBRE
500PU00001011HlYAI,SUBRE
500PU0000100ljLYAQ,SUBRE
500PU0000100Sn6YAE,SUBRE
500PU0000101PK1YAM,SUBRE
500PU0000100zW7YAI,SUBRE
500PU0000101CVRYA2,SUBRE
500PU00001014M7YAI,SUBRE
500PU0000100zStYAI,SUBRE
500PU0000101E6uYAE,SUBRE
500PU0000101OkZYAU,SUBRE
500PU0000100AjtYAE,SUBRE
500PU0000100x1GYAQ,SUBRE
500PU0000100vPHYAY,SUBRE
500PU0000100AjsYAE,SUBRE
500PU0000101PFBYA2,SUBRE
500PU0000100j3BYAQ,SUBRE
500PU00000zztm4YAA,SUBRE
500PU0000100v2jYAA,SUBRE
500PU0000101PBxYAM,SUBRE
500PU0000101PALYA2,SUBRE
500PU00001015q9YAA,SUBRE
500PU0000101MHLYA2,SUBRE
500PU0000100yBpYAI,SUBRE
500PU0000100l0AYAQ,SUBRE
500PU0000101B95YAE,SUBRE
500PU0000100wI6YAI,SUBRE
500PU0000100wN0YAI,SUBRE
500PU0000101D7jYAE,SUBRE
500PU00001011CvYAI,SUBRE
500PU0000101BiWYAU,SUBRE
500PU0000101P0fYAE,SUBRE
500PU0000101OkYYAU,SUBRE
500PU0000100YfgYAE,SUBRE
500PU0000100hz5YAA,SUBRE
500PU0000100yK5YAI,SUBRE
500PU00001017n0YAA,SUBRE
500PU0000100qmBYAQ,SUBRE
500PU0000101KfKYAU,SUBRE
500PU0000100tCBYAY,SUBRE
500PU0000101Gv6YAE,SUBRE
500PU00001010lYYAQ,SUBRE
500PU0000101HKvYAM,SUBRE
500PU00001011EWYAY,SUBRE
500PU00001019YeYAI,SUBRE
500PU0000100SAXYA2,SUBRE
500PU0000101ISEYA2,SUBRE
500PU0000101OpNYAU,SUBRE
500PU00001016UKYAY,SUBRE
500PU0000101OnlYAE,SUBRE
500PU0000101NDSYA2,SUBRE
500PU0000100Tw8YAE,SUBRE
500PU0000101JwAYAU,SUBRE
500PU0000100yyEYAQ,SUBRE
500PU0000100tx0YAA,SUBRE
500PU0000100wOdYAI,SUBRE
500PU0000100l6dYAA,SUBRE
500PU0000100PalYAE,SUBRE
500PU0000100lwBYAQ,SUBRE
500PU0000101OhJYAU,SUBRE
500PU000010102NYAQ,SUBRE
500PU00001019DrYAI,SUBRE
500PU0000101KiZYAU,SUBRE
500PU0000100qPiYAI,SUBRE
500PU0000101Oe5YAE,SUBRE
500PU00001015mmYAA,SUBRE
500PU0000100rlVYAQ,SUBRE
500PU0000101IqTYAU,SUBRE
500PU0000100wZqYAI,SUBRE
500PU0000100twzYAA,SUBRE
500PU0000100skjYAA,SUBRE
500PU0000101EWjYAM,SUBRE
500PU0000101Fe2YAE,SUBRE
500PU0000101OPaYAM,SUBRE
500PU0000100k8zYAA,SUBRE
500PU0000100mdmYAA,SUBRE
500PU0000100YJAYA2,SUBRE
500PU0000100mPCYAY,SUBRE
500PU0000101DHJYA2,SUBRE
500PU0000101JD2YAM,SUBRE
500PU00001015JjYAI,SUBRE
500PU0000100dqXYAQ,SUBRE
500PU0000100cjGYAQ,SUBRE
500PU0000101OXdYAM,SUBRE
500PU0000100NnnYAE,SUBRE
500PU00001018SvYAI,SUBRE
500PU0000101LpuYAE,SUBRE
500PU0000100rOtYAI,SUBRE
500PU0000100qB4YAI,SUBRE
500PU00000zyiRHYAY,SUBRE
500PU0000100GHLYA2,SUBRE
500PU0000100jEcYAI,SUBRE
500PU0000101N26YAE,SUBRE
500PU0000100nBdYAI,SUBRE
500PU0000101M9GYAU,SUBRE
500PU0000101FsaYAE,SUBRE
500PU0000101OKjYAM,SUBRE
500PU0000101Hb0YAE,SUBRE
500PU00001010bzYAA,SUBRE
500PU00001012VcYAI,SUBRE
500PU00001010VNYAY,SUBRE
500PU0000101MHKYA2,SUBRE
500PU0000100VmVYAU,SUBRE
500PU0000100oVpYAI,SUBRE
500PU0000100fapYAA,SUBRE
500PU0000100okNYAQ,SUBRE
500PU0000100ukyYAA,SUBRE
500PU00001012aoYAA,SUBRE
500PU0000101HkgYAE,SUBRE
500PU0000101OHVYA2,SUBRE
500PU0000101DPKYA2,SUBRE
500PU00001017mzYAA,SUBRE
500PU0000100gd5YAA,SUBRE
500PU0000100ut1YAA,SUBRE
500PU0000100wYIYAY,SUBRE
500PU0000101OCfYAM,SUBRE
500PU0000100s4vYAA,SUBRE
500PU00000zzqcwYAA,SUBRE
500PU0000100fZ4YAI,SUBRE
500PU0000100U2XYAU,SUBRE
500PU0000101HO7YAM,SUBRE
500PU0000101O2zYAE,SUBRE
500PU00001014dsYAA,SUBRO
500PU0000100FxwYAE,SUBRE
500PU0000100iQWYAY,SUBRE
500PU00001015lJYAQ,SUBRE
500PU0000100tNSYAY,SUBRE
500PU0000100tbyYAA,SUBRE
500PU0000101NwXYAU,SUBRE
500PU00001010KEYAY,SUBRE
500PU0000100r5XYAQ,SUBRE
500PU0000100mPBYAY,SUBRE
500PU0000100n58YAA,SUBRE
500PU0000101EhzYAE,SUBRE
500PU00001016yxYAA,SUBRE
500PU00000zzokrYAA,SUBRE
500PU0000100YpGYAU,SUBRE
500PU0000101NrhYAE,SUBRE
500PU0000100bwvYAA,SUBRE
500PU0000100sw1YAA,SUBRE
500PU0000100FmgYAE,SUBRE
500PU0000100ttlYAA,SUBRE
500PU0000100n8oYAA,SUBRE
500PU0000101AuXYAU,SUBRE
500PU0000100zeAYAQ,SUBRE
500PU0000100cJMYAY,SUBRE
500PU0000101NlFYAU,SUBRE
500PU0000100AjrYAE,SUBRE
500PU0000101Ni1YAE,SUBRE
500PU00001014vYYAQ,SUBRE
500PU0000100kdUYAQ,SUBRE
500PU00001019s5YAA,SUBRE
500PU0000101NJqYAM,SUBRE
500PU0000100ohAYAQ,SUBRE
500PU00001018siYAA,SUBRE
500PU00001012H4YAI,SUBRE
500PU0000100j5EYAQ,SUBRE
500PU0000100NvTYAU,SUBRE
500PU0000100fcFYAQ,SUBRE
500PU0000100UtsYAE,SUBRE
500PU0000100u9wYAA,SUBRE
500PU0000101CEmYAM,SUBRE
500PU00001017Z1YAI,SUBRE
500PU0000100s4uYAA,SUBRE
500PU0000100uEkYAI,SUBRE
500PU0000101MfXYAU,SUBRE
500PU0000101NRtYAM,SUBRE
500PU00001009R4YAI,SUBRE
500PU0000100lTAYAY,SUBRE
500PU0000101DigYAE,SUBRE
500PU0000100X0VYAU,SUBRE
500PU0000100eI2YAI,SUBRE
500PU00001016ayYAA,SUBRE
500PU0000101Kc6YAE,SUBRE
500PU0000100nBcYAI,SUBRE
500PU0000100sjEYAQ,SUBRE
500PU0000101NJpYAM,SUBRE
500PU0000101LJeYAM,SUBRE
500PU0000101AZYYA2,SUBRE
500PU0000100wYHYAY,SUBRE
500PU0000100oikYAA,SUBRE
500PU00001017OkYAI,SUBRE
500PU0000100I5AYAU,SUBRE
500PU0000101JPuYAM,SUBRE
500PU0000101HJGYA2,SUBRE
500PU0000100ttkYAA,SUBRE
500PU00001019TpYAI,SUBRE
500PU0000100q07YAA,SUBRE
500PU0000101LGQYA2,SUBRE
500PU00001025fxYAA,MVFSB
500PU0000102BeuYAE,WCFSB
500PU0000102gHCYAY,MVFSB
500PU0000102AxGYAU,MVFSB
500PU0000102dhZYAQ,MVFSB
500PU0000102gKRYAY,MVFSB
500PU0000102OYtYAM,MVFSB
500PU0000101boOYAQ,MVFSB
500PU0000102WBQYA2,MVFSB
500PU0000102PzeYAE,MVFSB
500PU000010289GYAQ,MVFSB
500PU0000102TYaYAM,WCFSB
500PU0000102k33YAA,MVFSB
500PU0000102aJsYAI,MVFSB
500PU0000101sfYYAQ,MVFSB
500PU0000101xowYAA,WCFSB
500PU0000102PujYAE,MVFSB
500PU0000102k1RYAQ,WCFSB
500PU0000102hjaYAA,WCFSB
500PU0000102jyDYAQ,MVFSB
500PU0000102jrlYAA,MVFSB
500PU0000101i53YAA,WCFSB
500PU0000101ue6YAA,MVFSB
500PU0000102CfpYAE,WCFSB
500PU0000102ZsUYAU,MVFSB
500PU00001021ioYAA,WCFSB
500PU0000102CpXYAU,WCFSB
500PU0000102BF4YAM,WCFSB
500PU0000101wWEYAY,WCFSB
500PU0000102dG9YAI,WCFSB
500PU0000101rN4YAI,WCFSB
500PU0000102GjOYAU,WCFSB
500PU0000102L1YYAU,WCFSB
500PU0000102dbPYAQ,WCFSB
500PU0000101mIPYAY,WCFSB
500PU00001028VmYAI,WCFSB
500PU0000102dnzYAA,WCFSB
500PU0000102JsZYAU,WCFSB
500PU0000102jmvYAA,WCFSB
500PU0000101lW0YAI,WCFSB
500PU0000102j70YAA,WCFSB
500PU0000102jBqYAI,WCFSB
500PU0000102ji6YAA,WCFSB
500PU0000102NPyYAM,WCFSB
500PU0000102PrWYAU,MVFSB
500PU0000101iUwYAI,WCFSB
500PU0000102R0TYAU,MVFSB
500PU0000102eaMYAQ,MVFSB
500PU0000102IhwYAE,MVFSB
500PU0000102K3qYAE,MVFSB
500PU0000101MkUYAU,MVFSB
500PU0000102hWcYAI,MVFSB
500PU0000102EEYYA2,MVFSB
500PU00001021kPYAQ,MVFSB
500PU00001021FpYAI,MVFSB
500PU0000102gKQYAY,MVFSB
500PU0000102SRBYA2,MVFSB
500PU00001024NHYAY,MVFSB
500PU00001025RRYAY,MVFSB
500PU00001023ZHYAY,MVFSB
500PU0000102jerYAA,MVFSB
500PU0000102HimYAE,MVFSB
500PU0000102Q63YAE,MVFSB
500PU00001026c6YAA,MVFSB
500PU0000102BetYAE,MVFSB
500PU0000102WL7YAM,MVFSB
500PU0000102gM2YAI,MVFSB
500PU0000102c79YAA,MVFSB
500PU0000102bCqYAI,MVFSB
500PU0000102jbdYAA,MVFSB
500PU0000101cUHYAY,MVFSB
500PU0000102TK0YAM,MVFSB
500PU0000102BmxYAE,MVFSB
500PU0000101bhoYAA,MVFSB
500PU0000102h0MYAQ,MVFSB
500PU0000102ja1YAA,MVFSB
500PU0000102jYPYAY,WCFSB
500PU0000102AR7YAM,WCFSB
500PU0000102QxIYAU,WCFSB
500PU0000102Lb0YAE,MVFSB
500PU0000102jWnYAI,MVFSB
500PU0000102KF7YAM,MVFSB
500PU0000102CPdYAM,WCFSB
500PU0000102jVBYAY,MVFSB
500PU00001029q1YAA,WCFSB
500PU0000101w9bYAA,MVFSB
500PU0000102YbPYAU,WCFSB
500PU0000101s7kYAA,WCFSB
500PU00000zysdaYAA,MVFSB
500PU0000102bSqYAI,MVFSB
500PU0000102fkxYAA,MVFSB
500PU0000102ErMYAU,WCFSB
500PU0000101vjtYAA,MVFSB
500PU0000102J2yYAE,WCFSB
500PU0000102HysYAE,WCFSB
500PU0000101luEYAQ,MVFSB
500PU0000102YQ7YAM,MVFSB
500PU0000102hTOYAY,MVFSB
500PU0000102L3CYAU,MVFSB
500PU0000102PLFYA2,MVFSB
500PU0000101mLfYAI,WCFSB
500PU0000102jQLYAY,WCFSB
500PU0000102No7YAE,WCFSB
500PU0000101BPIYA2,MVFSB
500PU0000102jOjYAI,MVFSB
500PU0000101qvLYAQ,MVFSB
500PU0000101w1fYAA,MVFSB
500PU00001027RXYAY,MVFSB
500PU0000102jN7YAI,MVFSB
500PU0000102XM0YAM,MVFSB
500PU0000102DK2YAM,MVFSB
500PU0000102dPnYAI,MVFSB
500PU0000102Q9FYAU,MVFSB
500PU0000102foAYAQ,MVFSB
500PU0000101GSJYA2,MVFSB
500PU0000102LmGYAU,MVFSB
500PU0000101iOVYAY,MVFSB
500PU0000102JxQYAU,MVFSB
500PU00001023cYYAQ,MVFSB
500PU0000101KVgYAM,MVFSB
500PU0000102BLWYA2,MVFSB
500PU0000102D7DYAU,WCFSB
500PU00001028kEYAQ,WCFSB
500PU0000102AyuYAE,MVFSB
500PU0000101rTOYAY,MVFSB
500PU00001026c5YAA,MVFSB
500PU0000101vf1YAA,WCFSB
500PU0000102ErLYAU,WCFSB
500PU0000102XkCYAU,MVFSB
500PU0000101sKcYAI,WCFSB
500PU0000101uREYAY,MVFSB
500PU0000102eLPYAY,WCFSB
500PU0000102JHVYA2,MVFSB
500PU0000102ZMDYA2,WCFSB
500PU0000102TtVYAU,WCFSB
500PU0000102YTLYA2,WCFSB
500PU0000102dCvYAI,WCFSB
500PU00001027AFYAY,MVFSB
500PU00001021inYAA,MVFSB
500PU0000102WudYAE,MVFSB
500PU0000102IhvYAE,MVFSB
500PU0000101jKNYAY,MVFSB
500PU0000102f6gYAA,WCFSB
500PU0000102SMMYA2,WCFSB
500PU0000101mwjYAA,MVFSB
500PU00001024IWYAY,MVFSB
500PU0000102aYgYAI,MVFSB
500PU0000102M8rYAE,MVFSB
500PU0000102jADYAY,MVFSB
500PU0000102DlYYAU,MVFSB
500PU0000102j8bYAA,MVFSB
500PU0000100iwjYAA,MVFSB
500PU0000102Ae2YAE,MVFSB
500PU0000102TzyYAE,MVFSB
500PU0000102eqWYAQ,WCFSB
500PU0000102X7UYAU,MVFSB
500PU0000102QUIYA2,MVFSB
500PU0000101wZOYAY,MVFSB
500PU0000102j6zYAA,WCFSB
500PU0000102VYlYAM,MVFSB
500PU0000101atxYAA,WCFSB
500PU0000101oTtYAI,WCFSB
500PU0000102OKMYA2,MVFSB
500PU0000102BgWYAU,WCFSB
500PU00001021XTYAY,MVFSB
500PU0000102j5NYAQ,MVFSB
500PU0000102BmwYAE,MVFSB
500PU0000102iKdYAI,MVFSB
500PU0000102j3lYAA,MVFSB
500PU00001029N2YAI,MVFSB
500PU0000102ILMYA2,MVFSB
500PU0000102eH1YAI,MVFSB
500PU0000102PzdYAE,MVFSB
500PU0000102W1iYAE,MVFSB
500PU0000101V7oYAE,MVFSB
500PU0000101lniYAA,MVFSB
500PU0000102IhuYAE,MVFSB
500PU0000102iyvYAA,MVFSB
500PU0000101h2bYAA,MVFSB
500PU0000102bhLYAQ,WCFSB
500PU0000102SFsYAM,WCFSB
500PU0000101iBVYAY,WCFSB
500PU0000102TzxYAE,MVFSB
500PU0000102I5KYAU,WCFSB
500PU00001021cTYAQ,WCFSB
500PU00001021PNYAY,MVFSB
500PU0000102C4pYAE,MVFSB
500PU0000101PdRYAU,MVFSB
500PU00001029bTYAQ,MVFSB
500PU0000102br2YAA,MVFSB
500PU0000102FAZYA2,WCFSB
500PU0000101xtmYAA,WCFSB
500PU00001024v8YAA,WCFSB
500PU0000102SSmYAM,WCFSB
500PU0000101teoYAA,WCFSB
500PU0000102dZUYAY,WCFSB
500PU0000102aTXYAY,MVFSB
500PU0000101wOAYAY,MVFSB
500PU0000102iXWYAY,MVFSB
500PU0000102NeRYAU,MVFSB
500PU0000102hpyYAA,MVFSB
500PU0000102cK5YAI,WCFSB
500PU0000101iOUYAY,WCFSB
500PU0000102bKnYAI,WCFSB
500PU0000102dhYYAQ,WCFSB
500PU0000102P6iYAE,WCFSB
500PU0000102TjuYAE,WCFSB
500PU0000102WD6YAM,WCFSB
500PU0000102QxHYAU,WCFSB
500PU0000102UUcYAM,WCFSB
500PU0000102ikPYAQ,WCFSB
500PU0000101uKiYAI,WCFSB
500PU0000102iinYAA,MVFSB
500PU0000102ihBYAQ,WCFSB
500PU0000102aeqYAA,WCFSB
500PU0000102Gt6YAE,WCFSB
500PU0000102SRAYA2,WCFSB
500PU0000101ccRYAQ,WCFSB
500PU0000102VC6YAM,MVFSB
500PU0000102EuZYAU,MVFSB
500PU0000102UJIYA2,MVFSB
500PU0000102JEDYA2,MVFSB
500PU0000102NjGYAU,WCFSB
500PU00001029OZYAY,WCFSB
500PU0000102GxuYAE,WCFSB
500PU0000101mqJYAQ,WCFSB
500PU00001029A4YAI,WCFSB
500PU0000102IdAYAU,WCFSB
500PU0000102Fs9YAE,MVFSB
500PU0000101S3VYAU,MVFSB
500PU0000101q13YAA,MVFSB
500PU0000101mLeYAI,MVFSB
500PU0000101gkjYAA,WCFSB
500PU0000102T8mYAE,WCFSB
500PU0000102Yd1YAE,WCFSB
500PU0000102DiKYAU,WCFSB
500PU00001026GzYAI,WCFSB
500PU0000102TrvYAE,WCFSB
500PU0000102iSfYAI,WCFSB
500PU0000102KqDYAU,WCFSB
500PU0000102MC6YAM,WCFSB
500PU0000102BS5YAM,WCFSB
500PU00001029mlYAA,WCFSB
500PU0000101sh8YAA,WCFSB
500PU0000102bKmYAI,WCFSB
500PU0000102iPRYAY,WCFSB
500PU0000102HXKYA2,WCFSB
500PU0000101gXtYAI,MVFSB
500PU00001022F4YAI,WCFSB
500PU0000102ZAsYAM,MVFSB
500PU0000102WOJYA2,MVFSB
500PU0000102be6YAA,MVFSB
500PU0000102IgJYAU,MVFSB
500PU00001024lTYAQ,MVFSB
500PU0000102CEMYA2,MVFSB
500PU0000102iHNYAY,MVFSB
500PU0000102dUfYAI,MVFSB
500PU0000101wT0YAI,MVFSB
500PU0000102RYQYA2,MVFSB
500PU00001026nLYAQ,WCFSB
500PU0000101eKoYAI,WCFSB
500PU0000102FqjYAE,MVFSB
500PU0000102HqnYAE,MVFSB
500PU0000102aYfYAI,MVFSB
500PU0000102SuGYAU,MVFSB
500PU0000102VnEYAU,MVFSB
500PU0000102SuFYAU,MVFSB
500PU0000102aYeYAI,WCFSB
500PU0000101befYAA,WCFSB
500PU0000102eLOYAY,WCFSB
500PU0000102iAvYAI,MVFSB
500PU0000102aQKYAY,WCFSB
500PU0000102XNdYAM,WCFSB
500PU0000102d4rYAA,WCFSB
500PU0000101p3GYAQ,WCFSB
500PU0000102i65YAA,WCFSB
500PU0000102NjFYAU,MVFSB
500PU0000101q12YAA,MVFSB
500PU0000102c0jYAA,MVFSB
500PU00001020oRYAQ,MVFSB
500PU0000101lsYYAQ,MVFSB
500PU0000102hraYAA,WCFSB
500PU0000102HVoYAM,WCFSB
500PU0000102Y59YAE,WCFSB
500PU0000102eCAYAY,WCFSB
500PU0000102i2rYAA,WCFSB
500PU00001029JlYAI,MVFSB
500PU0000102M43YAE,MVFSB
500PU0000102VLoYAM,MVFSB
500PU00001020TLYAY,MVFSB
500PU0000102OvSYAU,MVFSB
500PU00001021pEYAQ,MVFSB
500PU0000101jxAYAQ,WCFSB
500PU0000102BdEYAU,WCFSB
500PU0000101qPEYAY,MVFSB
500PU00001027ADYAY,MVFSB
500PU0000102EGCYA2,MVFSB
500PU0000102LazYAE,MVFSB
500PU0000101GvHYAU,MVFSB
500PU0000101r0HYAQ,MVFSB
500PU0000102hgIYAQ,MVFSB
500PU0000102hy1YAA,MVFSB
500PU0000102gFaYAI,MVFSB
500PU0000102ITQYA2,MVFSB
500PU0000101xs7YAA,MVFSB
500PU0000102WJVYA2,MVFSB
500PU0000102hunYAA,MVFSB
500PU00001023EIYAY,MVFSB
500PU0000102dUeYAI,MVFSB
500PU00001025uSYAQ,MVFSB
500PU00001024VQYAY,MVFSB
500PU0000102dBIYAY,MVFSB
500PU0000102fOMYAY,MVFSB
500PU00001011g6YAA,MVFSB
500PU0000102hpxYAA,MVFSB
500PU0000102bnnYAA,MVFSB
500PU0000102QnfYAE,MVFSB
500PU0000102VaLYAU,MVFSB
500PU00001027ufYAA,MVFSB
500PU0000102Lj5YAE,MVFSB
500PU0000102IwSYAU,MVFSB
500PU0000101prQYAQ,MVFSB
500PU0000101synYAA,MVFSB
500PU0000102XcDYAU,MVFSB
500PU0000102hoLYAQ,MVFSB
500PU0000102N4zYAE,MVFSB
500PU0000102bxTYAQ,MVFSB
500PU000010259bYAA,MVFSB
500PU0000102IJoYAM,MVFSB
500PU000010208RYAQ,MVFSB
500PU0000102Y1xYAE,MVFSB
500PU0000102dspYAA,MVFSB
500PU0000102g4IYAQ,MVFSB
500PU0000102hl7YAA,MVFSB
500PU0000101p1iYAA,MVFSB
500PU0000102C1SYAU,MVFSB
500PU0000102Op1YAE,MVFSB
500PU0000102caCYAQ,MVFSB
500PU0000102gCNYAY,MVFSB
500PU0000102G55YAE,MVFSB
500PU0000101oLsYAI,MVFSB
500PU0000102UhUYAU,MVFSB
500PU0000102Wo7YAE,MVFSB
500PU0000102IACYA2,MVFSB
500PU0000102QM7YAM,MVFSB
500PU0000102DToYAM,MVFSB
500PU0000102fRbYAI,MVFSB
500PU0000102IBhYAM,MVFSB
500PU00001027ueYAA,MVFSB
500PU0000102bCpYAI,MVFSB
500PU0000102bnmYAA,MVFSB
500PU0000102QFhYAM,MVFSB
500PU0000102EPnYAM,MVFSB
500PU0000102f8FYAQ,MVFSB
500PU0000102a26YAA,MVFSB
500PU0000101OXoYAM,MVFSB
500PU00001025y0YAA,MVFSB
500PU0000102gsIYAQ,MVFSB
500PU0000101nxfYAA,MVFSB
500PU00001029DHYAY,WCFSB
500PU0000102Y6pYAE,WCFSB
500PU0000102WeTYAU,WCFSB
500PU0000102FFTYA2,WCFSB
500PU0000102KzwYAE,WCFSB
500PU00001025uRYAQ,MVFSB
500PU0000102Y1wYAE,MVFSB
500PU0000101p1hYAA,MVFSB
500PU0000101ZTGYA2,WCFSB
500PU0000102Op0YAE,MVFSB
500PU0000102AytYAE,MVFSB
500PU00001027D7YAI,WCFSB
500PU0000101uCdYAI,MVFSB
500PU0000102gSUYAY,MVFSB
500PU0000101zicYAA,MVFSB
500PU0000102JAzYAM,WCFSB
500PU0000102aDOYAY,WCFSB
500PU0000102bJDYAY,WCFSB
500PU0000101wzIYAQ,MVFSB
500PU0000101v3qYAA,WCFSB
500PU00001023O3YAI,WCFSB
500PU0000101zXKYAY,MVFSB
500PU00001027ZdYAI,MVFSB
500PU000010200NYAQ,MVFSB
500PU0000102RLSYA2,MVFSB
500PU0000102IT1YAM,WCFSB
500PU00001002W4YAI,WCFSB
500PU0000102ZCVYA2,WCFSB
500PU0000101wXrYAI,WCFSB
500PU00001022q8YAA,MVFSB
500PU0000102d00YAA,MVFSB
500PU0000102MIVYA2,MVFSB
500PU0000102cdQYAQ,MVFSB
500PU0000102h5CYAQ,MVFSB
500PU0000102JSnYAM,MVFSB
500PU00001022i4YAA,MVFSB
500PU0000102GugYAE,MVFSB
500PU0000102RdBYAU,WCFSB
500PU00001024tZYAQ,MVFSB
500PU0000102YI2YAM,WCFSB
500PU0000102ASkYAM,MVFSB
500PU0000102JUJYA2,MVFSB
500PU0000102IJmYAM,MVFSB
500PU0000102QcFYAU,MVFSB
500PU0000102eFPYAY,MVFSB
500PU0000102OvRYAU,MVFSB
500PU0000102PQ7YAM,MVFSB
500PU00001022bgYAA,MVFSB
500PU0000102glqYAA,MVFSB
500PU0000101uarYAA,MVFSB
500PU0000102MTmYAM,MVFSB
500PU0000102gkEYAQ,MVFSB
500PU0000102KNFYA2,MVFSB
500PU0000101rgBYAQ,MVFSB
500PU0000101rgAYAQ,MVFSB
500PU0000102ONaYAM,MVFSB
500PU0000101kGdYAI,MVFSB
500PU0000102AqtYAE,MVFSB
500PU00001028HCYAY,MVFSB
500PU0000101GvGYAU,MVFSB
500PU0000102h8PYAQ,MVFSB
500PU0000102GMqYAM,MVFSB
500PU0000102efDYAQ,MVFSB
500PU0000102Q9EYAU,MVFSB
500PU000010276gYAA,MVFSB
500PU0000102B3qYAE,MVFSB
500PU0000101wZNYAY,MVFSB
500PU00001026QlYAI,MVFSB
500PU0000102VvIYAU,MVFSB
500PU0000101yY1YAI,MVFSB
500PU00001026CBYAY,MVFSB
500PU0000102YzdYAE,MVFSB
500PU0000102WrKYAU,MVFSB
500PU0000101sPTYAY,MVFSB
500PU00001021FoYAI,MVFSB
500PU0000102buGYAQ,MVFSB
500PU0000102SUNYA2,MVFSB
500PU0000102Bi6YAE,MVFSB
500PU0000102NGGYA2,MVFSB
500PU0000102gQsYAI,MVFSB
500PU0000102NGFYA2,MVFSB
500PU0000102feUYAQ,MVFSB
500PU0000101ue5YAA,MVFSB
500PU0000102TqGYAU,MVFSB
500PU0000102DbtYAE,MVFSB
500PU0000101zttYAA,MVFSB
500PU00001025T9YAI,MVFSB
500PU0000102ctXYAQ,MVFSB
500PU0000101tenYAA,MVFSB
500PU0000102MDkYAM,MVFSB
500PU0000101vtcYAA,MVFSB
500PU0000102a70YAA,MVFSB
500PU0000102IlJYAU,MVFSB
500PU0000101mwiYAA,MVFSB
500PU0000102E8AYAU,MVFSB
500PU0000102h1xYAA,MVFSB
500PU00000zzNnmYAE,MVFSB
500PU0000102C32YAE,MVFSB
500PU00001020wJYAQ,MVFSB
500PU0000102Ub1YAE,MVFSB
500PU0000101yrPYAQ,MVFSB
500PU0000102LnuYAE,MVFSB
500PU0000102Z2pYAE,MVFSB
500PU0000102gvVYAQ,MVFSB
500PU0000102TyLYAU,MVFSB
500PU00001021yyYAA,WCFSB
500PU0000101zIoYAI,WCFSB
500PU0000102GwGYAU,WCFSB
500PU0000102AysYAE,MVFSB
500PU0000102XLzYAM,MVFSB
500PU0000102IOYYA2,MVFSB
500PU0000102gsHYAQ,MVFSB
500PU0000102gqfYAA,MVFSB
500PU0000101xqPYAQ,MVFSB
500PU0000102PZkYAM,MVFSB
500PU0000102G9sYAE,MVFSB
500PU0000101n9bYAA,MVFSB
500PU00001027meYAA,MVFSB
500PU0000102gp3YAA,MVFSB
500PU0000101jZ1YAI,MVFSB
500PU0000101kA0YAI,MVFSB
500PU0000101lnhYAA,MVFSB
500PU0000102HYxYAM,MVFSB
500PU0000102JFsYAM,MVFSB
500PU0000102glpYAA,MVFSB
500PU0000102MyTYAU,MVFSB
500PU0000102cNGYAY,MVFSB
500PU00001028vgYAA,MVFSB
500PU00001021PLYAY,MVFSB
500PU0000102QneYAE,MVFSB
500PU0000102Yy3YAE,MVFSB
500PU0000102YRiYAM,MVFSB
500PU00001029mkYAA,MVFSB
500PU0000102XaVYAU,MVFSB
500PU0000102T3qYAE,MVFSB
500PU0000102HilYAE,MVFSB
500PU0000102KIJYA2,MVFSB
500PU0000102QFgYAM,MVFSB
500PU0000101djiYAA,MVFSB
500PU0000102d4pYAA,MVFSB
500PU0000101nzCYAQ,MVFSB
500PU0000102OnQYAU,MVFSB
500PU0000102AhFYAU,MVFSB
500PU000010253NYAQ,MVFSB
500PU0000102NT9YAM,MVFSB
500PU0000102gfNYAQ,MVFSB
500PU0000101otbYAA,MVFSB
500PU0000102DbsYAE,MVFSB
500PU0000102Je3YAE,MVFSB
500PU0000101jilYAA,MVFSB
500PU0000102PeeYAE,MVFSB
500PU00001028xCYAQ,WCFSB
500PU0000101rI5YAI,MVASB
500PU0000102a6zYAA,MVFSB
500PU0000102Iq1YAE,MVFSB
500PU0000102O5qYAE,WCFSB
500PU0000100fKYYAY,MVFSB
500PU0000101wWDYAY,WCFSB
500PU0000101wMZYAY,MVFSB
500PU0000101zvXYAQ,WCFSB
500PU0000102CzAYAU,MVFSB
500PU0000102dBHYAY,MVFSB
500PU0000101oLrYAI,MVFSB
500PU0000102JZFYA2,MVFSB
500PU0000102GrWYAU,MVFSB
500PU0000102ZXSYA2,MVFSB
500PU0000101Gf1YAE,MVFSB
500PU00001024DZYAY,MVFSB
500PU0000102Bi5YAE,MVFSB
500PU00001021tzYAA,MVFSB
500PU00001024S6YAI,MVFSB
500PU0000101WX4YAM,WCFSB
500PU0000102RRrYAM,WCFSB
500PU0000102FXWYA2,MVFSB
500PU0000102TAQYA2,WCFSB
500PU0000101nHcYAI,WCFSB
500PU0000102BAFYA2,WCFSB
500PU0000102CntYAE,MVFSB
500PU0000102MySYAU,MVFSB
500PU0000102g14YAA,MVFSB
500PU0000102BztYAE,MVFSB
500PU0000102GQ1YAM,WCFSB
500PU0000102NL1YAM,MVFSB
500PU0000101oLqYAI,MVFSB
500PU0000102RV7YAM,MVFSB
500PU0000101NrqYAE,WCFSB
500PU0000101LyBYAU,MVFSB
500PU0000102gPFYAY,WCFSB
500PU0000100vcFYAQ,WCFSB
500PU0000101WQZYA2,MVFSB
500PU0000102FFSYA2,MVFSB
500PU0000101lpIYAQ,MVFSB
500PU0000102TOvYAM,MVFSB
500PU0000102cv9YAA,MVFSB
500PU0000101lsWYAQ,MVFSB
500PU0000102UeIYAU,MVFSB
500PU0000102NuWYAU,MVFSB
500PU0000102K2DYAU,MVFSB
500PU0000102gInYAI,WCFSB
500PU0000101IkaYAE,MVFSB
500PU0000102gHBYAY,WCFSB
500PU0000102KqBYAU,MVFSB
500PU0000102TIOYA2,MVFSB
500PU0000102gFZYAY,WCFSB
500PU0000102AkMYAU,MVFSB
500PU0000102USyYAM,WCFSB
500PU0000102R3iYAE,WCFSB
500PU0000101qcAYAQ,WCFSB
500PU0000102REwYAM,WCFSB
500PU00001021naYAA,WCFSB
500PU0000102QE7YAM,WCFSB
500PU0000101wnuYAA,WCFSB
500PU0000100cHqYAI,WCFSB
500PU00001029mjYAA,WCFSB
500PU0000102DQWYA2,WCFSB
500PU0000102UKvYAM,WCFSB
500PU0000102ZytYAE,WCFSB
500PU0000102KqAYAU,WCFSB
500PU0000101ChrYAE,WCFSB
500PU0000102g7VYAQ,WCFSB
500PU00000zydg8YAA,WCFSB
500PU0000102g5tYAA,WCFSB
500PU0000102WRWYA2,WCFSB
500PU0000102bavYAA,WCFSB
500PU0000101TCUYA2,WCFSB
500PU00001026XGYAY,WCFSB
500PU0000102S4cYAE,WCFSB
500PU0000102ft0YAA,MVFSB
500PU0000102ayBYAQ,MVFSB
500PU0000102bpPYAQ,MVFSB
500PU0000102TDYYA2,WCFSB
500PU00001021CYYAY,WCFSB
500PU0000101w4pYAA,MVFSB
500PU0000102g2fYAA,MVFSB
500PU0000101kbdYAA,WCFSB
500PU0000102c2IYAQ,MVFSB
500PU0000102CsdYAE,MVFSB
500PU0000102Fh7YAE,MVFSB
500PU0000102QE6YAM,MVFSB
500PU00001026iPYAQ,MVFSB
500PU0000102BS3YAM,MVFSB
500PU0000101xtjYAA,MVFSB
500PU0000102JR8YAM,MVFSB
500PU0000102ODtYAM,MVFSB
500PU0000102QHHYA2,MVFSB
500PU00001029N0YAI,MVFSB
500PU00001023G2YAI,MVFSB
500PU0000101zgxYAA,MVFSB
500PU0000102eSJYAY,MVFSB
500PU00001028sMYAQ,MVFSB
500PU00001027GKYAY,MVFSB
500PU0000101lMEYAY,MVFSB
500PU0000102bfiYAA,MVFSB
500PU00001027mdYAA,MVFSB
500PU0000102fwDYAQ,MVFSB
500PU0000101nhWYAQ,MVFSB
500PU0000101SBYYA2,MVFSB
500PU0000102LEQYA2,MVFSB
500PU00001029y3YAA,MVFSB
500PU0000102VvHYAU,MVFSB
500PU0000101RP6YAM,MVFSB
500PU00001021xEYAQ,MVFSB
500PU0000101fC3YAI,MVFSB
500PU0000101uXdYAI,MVFSB
500PU00001020YDYAY,MVFSB
500PU0000102c0gYAA,MVFSB
500PU0000101hnOYAQ,MVFSB
500PU0000102fszYAA,MVFSB
500PU0000101fSkYAI,MVFSB
500PU0000102PhoYAE,MVFSB
500PU0000102LMRYA2,MVFSB
500PU0000101s5yYAA,MVFSB
500PU0000101xnBYAQ,MVFSB
500PU00001021pDYAQ,MVFSB
500PU0000102AHPYA2,MVFSB
500PU00001001F2YAI,MVFSB
500PU0000101uPXYAY,WCFSB
500PU0000102WwBYAU,MVFSB
500PU00001026c4YAA,WCFSB
500PU0000102K71YAE,WCFSB
500PU000010284KYAQ,WCFSB
500PU0000102aF1YAI,MVFSB
500PU00001024VOYAY,MVFSB
500PU0000102eiRYAQ,MVFSB
500PU0000101zibYAA,MVFSB
500PU0000102S9SYAU,MVFSB
500PU0000102IlHYAU,MVFSB
500PU00001027eWYAQ,MVFSB
500PU0000102PwLYAU,MVFSB
500PU0000102F14YAE,MVFSB
500PU0000102UuOYAU,WCFSB
500PU0000101jZ0YAI,MVFSB
500PU0000101K4LYAU,MVFSB
500PU0000102LJGYA2,MVFSB
500PU0000101nsmYAA,MVFSB
500PU0000102a3kYAA,MVFSB
500PU0000101jSSYAY,WCFSB
500PU0000100qHcYAI,WCFSB
500PU0000101SA0YAM,WCFSB
500PU0000102EcsYAE,WCFSB
500PU0000102fg5YAA,WCFSB
500PU0000102fWQYAY,WCFSB
500PU00001026nKYAQ,WCFSB
500PU0000100hWEYAY,WCFSB
500PU0000101yHtYAI,MVFSB
500PU0000102es6YAA,MVFSB
500PU0000102N1kYAE,MVFSB
500PU0000102Ta7YAE,MVFSB
500PU0000102fY1YAI,MVFSB
500PU00001026wwYAA,MVFSB
500PU0000101fSjYAI,MVFSB
500PU00001029q0YAA,MVFSB
500PU00001027cvYAA,WCFSB
500PU0000100tlhYAA,MVFSB
500PU0000102FqhYAE,MVFSB
500PU0000102fUnYAI,MVFSB
500PU0000102fTBYAY,MVFSB
500PU0000101bbNYAQ,MVFSB
500PU0000102R6uYAE,MVFSB
500PU0000102PpsYAE,MVFSB
500PU0000101K4KYAU,MVFSB
500PU0000101iLCYAY,MVFSB
500PU0000101va9YAA,MVFSB
500PU0000102K3pYAE,MVFSB
500PU0000102IlGYAU,MVFSB
500PU000010010XYAQ,MVFSB
500PU0000102QndYAE,MVFSB
500PU0000101x47YAA,MVFSB
500PU0000102U1aYAE,MVFSB
500PU0000102RoRYAU,MVFSB
500PU0000101IdZYAU,MVFSB
500PU00001029zhYAA,MVFSB
500PU0000102KjlYAE,MVFSB
500PU0000102RbbYAE,MVFSB
500PU0000102ISzYAM,MVFSB
500PU0000102MbwYAE,MVFSB
500PU0000102QCUYA2,MVFSB
500PU0000102MDjYAM,MVFSB
500PU0000102D8uYAE,MVFSB
500PU0000102Iy6YAE,MVFSB
500PU0000101lHQYAY,MVFSB
500PU0000102Hh3YAE,MVFSB
500PU0000102EJSYA2,MVFSB
500PU0000102Gt4YAE,WCFSB
500PU0000101ZjIYAU,WCFSB
500PU0000102EcrYAE,MVFSB
500PU00000zyrb1YAA,MVFSB
500PU0000102GHzYAM,WCFSB
500PU0000101kgUYAQ,WCFSB
500PU0000101b6oYAA,MVFSB
500PU0000102Q62YAE,MVFSB
500PU0000102MC5YAM,MVFSB
500PU0000100J8hYAE,MVFSB
500PU0000102fHtYAI,MVFSB
500PU0000102fL7YAI,MVFSB
500PU0000101W75YAE,MVFSB
500PU0000102bClYAI,MVFSB
500PU0000102XvTYAU,WCFSB
500PU0000102e7KYAQ,WCFSB
500PU0000102eIcYAI,WCFSB
500PU0000102OCEYA2,MVFSB
500PU0000102bCkYAI,MVFSB
500PU0000101imZYAQ,MVFSB
500PU0000101sYwYAI,MVFSB
500PU0000102NZZYA2,MVFSB
500PU0000102XdiYAE,MVFSB
500PU000010245dYAA,MVFSB
500PU0000102Fx0YAE,MVFSB
500PU0000102QPNYA2,MVFSB
500PU0000101iLBYAY,MVFSB
500PU0000102P1qYAE,MVFSB
500PU0000101cCWYAY,MVFSB
500PU00001028AmYAI,MVFSB
500PU000010205EYAQ,MVFSB
500PU0000101h4CYAQ,MVFSB
500PU0000102CfnYAE,MVFSB
500PU0000102L9XYAU,MVFSB
500PU0000101zQpYAI,WCFSB
500PU0000102bxSYAQ,MVFSB
500PU0000102EGBYA2,MVFSB
500PU00001023RFYAY,MVFSB
500PU0000101sabYAA,MVFSB
500PU0000102f1lYAA,MVFSB
500PU00001012NcYAI,MVFSB
500PU0000101lO1YAI,WCFSB
500PU0000102WTJYA2,MVFSB
500PU0000102TDXYA2,WCFSB
500PU0000102eyXYAQ,MVFSB
500PU0000101jVjYAI,WCFSB
500PU0000102KNDYA2,MVFSB
500PU0000102RwVYAU,MVFSB
500PU0000102Xx5YAE,MVFSB
500PU0000102NRVYA2,WCFSB
500PU0000101lfkYAA,MVFSB
500PU0000102cS7YAI,MVFSB
500PU0000102bZIYAY,MVFSB
500PU0000101jYyYAI,MVFSB
500PU0000102FqgYAE,MVFSB
500PU0000102ethYAA,MVFSB
500PU0000102P6hYAE,MVFSB
500PU000010270CYAQ,MVFSB
500PU0000101jikYAA,MVFSB
500PU0000102NsxYAE,MVFSB
500PU0000101oK6YAI,MVFSB
500PU0000101viHYAQ,MVFSB
500PU0000102Rj1YAE,MVFSB
500PU00001024VMYAY,MVFSB
500PU00001028xBYAQ,WCFSB
500PU0000101f7JYAQ,WCFSB
500PU0000102RwUYAU,WCFSB
500PU0000102U4pYAE,MVFSB
500PU0000102RDLYA2,MVFSB
500PU00001022LTYAY,MVFSB
500PU0000101K4JYAU,MVFSB
500PU0000102HtwYAE,MVFSB
500PU0000102a0UYAQ,WCFSB
500PU0000102Ka5YAE,MVFSB
500PU0000102eiPYAQ,MVFSB
500PU00001023MSYAY,MVFSB
500PU0000101zCHYAY,MVFSB
500PU0000102MolYAE,WCFSB
500PU0000102FSOYA2,WCFSB
500PU00001023KmYAI,MVFSB
500PU0000102TewYAE,MVFSB
500PU0000100L7JYAU,MVFSB
500PU0000101yuZYAQ,MVFSB
500PU0000102IDMYA2,MVFSB
500PU0000102ebxYAA,MVFSB
500PU0000100shdYAA,MVFSB
500PU0000102ZcJYAU,MVFSB
500PU0000102ApHYAU,WCFSB
500PU0000102KOoYAM,WCFSB
500PU0000100cHoYAI,WCFSB
500PU0000102eaLYAQ,MVFSB
500PU00001029jXYAQ,MVFSB
500PU0000102Iy5YAE,MVFSB
500PU0000101ChpYAE,WCFSB
500PU00001026GxYAI,WCFSB
500PU0000102YgJYAU,MVFSB
500PU0000102PLEYA2,MVFSB
500PU0000102SR9YAM,MVFSB
500PU00001021KbYAI,MVFSB
500PU00001025w5YAA,MVFSB
500PU00001024qIYAQ,MVFSB
500PU00001021KaYAI,MVFSB
500PU000010271oYAA,WCFSB
500PU0000102KOnYAM,MVFSB
500PU00001020TKYAY,MVFSB
500PU0000102W6aYAE,MVFSB
500PU0000101m76YAA,WCFSB
500PU0000102YtAYAU,MVFSB
500PU000010265jYAA,MVFSB
500PU0000102X5sYAE,MVFSB
500PU0000101k0MYAQ,MVFSB
500PU00001021HPYAY,WCFSB
500PU0000102AAuYAM,MVFSB
500PU0000102WuaYAE,MVFSB
500PU0000102UuMYAU,MVFSB
500PU0000101mNAYAY,MVFSB
500PU0000102ZScYAM,MVFSB
500PU0000102bSoYAI,WCFSB
500PU0000101V7lYAE,WCFSB
500PU0000102eDlYAI,MVFSB
500PU0000102Z62YAE,MVFSB
500PU0000102HVmYAM,MVFSB
500PU0000102GEgYAM,MVFSB
500PU0000102S4bYAE,MVFSB
500PU0000102RjdYAE,MVFSB
500PU0000101atwYAA,WCFSB
500PU0000102KNCYA2,MVFSB
500PU0000102ariYAA,WCFSB
500PU0000102VKDYA2,MVFSB
500PU0000102IuxYAE,MVFSB
500PU0000102XKNYA2,WCFSB
500PU0000102eAXYAY,WCFSB
500PU0000102EKyYAM,WCFSB
500PU0000101Qb9YAE,MVFSB
500PU0000102ZZ5YAM,MVFSB
500PU0000101jNpYAI,WCFSB
500PU0000102dCsYAI,MVFSB
500PU0000102e5hYAA,MVFSB
500PU00001025T7YAI,WCFSB
500PU0000102ExhYAE,MVFSB
500PU00001029zgYAA,MVFSB
500PU0000102Vf8YAE,MVFSB
500PU0000101imYYAQ,WCFSB
500PU0000102DFHYA2,MVFSB
500PU0000101xtiYAA,MVFSB
500PU0000102RmrYAE,MVFSB
500PU0000102e2TYAQ,MVFSB
500PU0000101y4yYAA,WCFSB
500PU00001023B6YAI,WCFSB
500PU00001028M1YAI,MVFSB
500PU0000101H1jYAE,WCFSB
500PU0000102dzFYAQ,WCFSB
500PU0000102EJRYA2,MVFSB
500PU00001021kMYAQ,MVFSB
500PU0000102MSHYA2,MVFSB
500PU00001020jWYAQ,WCFSB
500PU0000102cOsYAI,MVFSB
500PU0000102dw1YAA,WCFSB
500PU0000102ZFmYAM,WCFSB
500PU0000101wD2YAI,WCFSB
500PU00001023SnYAI,MVFSB
500PU0000102dsnYAA,WCFSB
500PU0000102dnxYAA,WCFSB
500PU0000102dpZYAQ,WCFSB
500PU0000102dZSYAY,WCFSB
500PU0000102No4YAE,WCFSB
500PU0000102T8jYAE,MVFSB
500PU00001027UvYAI,MVFSB
500PU0000102JcTYAU,MVFSB
500PU0000102NOEYA2,MVFSB
500PU0000102W07YAE,MVFSB
500PU0000101nSwYAI,WCFSB
500PU0000102dPmYAI,WCFSB
500PU00001022WqYAI,WCFSB
500PU0000102K8fYAE,WCFSB
500PU0000101saaYAA,MVFSB
500PU0000102FovYAE,MVFSB
500PU0000102CELYA2,MVFSB
500PU0000101igAYAQ,MVFSB
500PU0000102Lr6YAE,MVFSB
500PU0000102ViNYAU,MVFSB
500PU00000zzhZqYAI,MVFSB
500PU0000101iReYAI,MVFSB
500PU0000102CG0YAM,MVFSB
500PU0000101xnAYAQ,MVFSB
500PU0000102RTVYA2,MVFSB
500PU0000102dcfYAA,MVFSB
500PU0000102KJwYAM,MVFSB
500PU0000102db3YAA,MVFSB
500PU0000101PTsYAM,MVFSB
500PU0000102dXpYAI,MVFSB
500PU0000101NrpYAE,MVFSB
500PU0000101m2BYAQ,MVFSB
500PU00001025hYYAQ,MVFSB
500PU0000102Z4QYAU,MVFSB
500PU00001021e5YAA,MVFSB
500PU0000102br0YAA,MVFSB
500PU000010284IYAQ,MVFSB
500PU0000102YGTYA2,MVFSB
500PU0000102LEPYA2,MVFSB
500PU000010226uYAA,MVFSB
500PU0000101ww2YAA,MVFSB
500PU0000101zPGYAY,MVFSB
500PU0000101yq7YAA,MVFSB
500PU0000102NPvYAM,MVFSB
500PU0000100FOPYA2,MVFSB
500PU0000102dPlYAI,MVFSB
500PU0000101ZsxYAE,WCFSB
500PU0000102YpwYAE,WCFSB
500PU0000102G1uYAE,WCFSB
500PU0000102Ry6YAE,WCFSB
500PU0000102dKvYAI,MVFSB
500PU0000102ZPOYA2,MVFSB
500PU0000102HSVYA2,WCFSB
500PU0000101yJQYAY,WCFSB
500PU0000101yjKYAQ,WCFSB
500PU0000101q2XYAQ,MVFSB
500PU0000101bgLYAQ,MVFSB
500PU0000101iucYAA,WCFSB
500PU0000102YzcYAE,MVFSB
500PU0000102EeQYAU,MVFSB
500PU0000102dCrYAI,MVFSB
500PU0000102CPaYAM,MVFSB
500PU0000102BJvYAM,MVFSB
500PU0000102d9dYAA,MVFSB
500PU0000101zaVYAQ,MVFSB
500PU0000102bhKYAQ,MVFSB
500PU0000101jfTYAQ,MVFSB
500PU00001023HcYAI,WCFSB
500PU0000102OtoYAE,WCFSB
500PU0000102d81YAA,MVFSB
500PU0000101Uq6YAE,WCFSB
500PU0000102TOuYAM,MVFSB
500PU0000102cByYAI,MVFSB
500PU0000102d4nYAA,MVFSB
500PU0000102d3BYAQ,MVFSB
500PU00001028M0YAI,MVFSB
500PU0000101q4FYAQ,MVFSB
500PU0000102CNzYAM,MVFSB
500PU00001022GdYAI,MVFSB
500PU0000102cv7YAA,MVFSB
500PU0000102IA7YAM,MVFSB
500PU0000101jypYAA,MVFSB
500PU0000102cdOYAQ,MVFSB
500PU0000102cgcYAA,MVFSB
500PU00001017OqYAI,MVFSB
500PU0000101pHoYAI,MVFSB
500PU0000102VnCYAU,MVFSB
500PU0000102ZR1YAM,MVFSB
500PU000010254uYAA,MVFSB
500PU0000102YwNYAU,MVFSB
500PU0000102H2iYAE,MVFSB
500PU0000102CSqYAM,MVFSB
500PU0000102cVKYAY,MVFSB
500PU0000101UdCYAU,MVFSB
500PU0000102a5KYAQ,MVFSB
500PU0000102bJ8YAI,MVFSB
500PU0000102IuwYAE,MVFSB
500PU00001021sQYAQ,MVFSB
500PU0000101iUtYAI,MVFSB
500PU0000102QQyYAM,MVFSB
500PU0000102GY5YAM,MVFSB
500PU0000102WuZYAU,MVFSB
500PU0000102XnPYAU,MVFSB
500PU00001023CjYAI,MVFSB
500PU0000102QUCYA2,MVFSB
500PU0000102QUBYA2,MVFSB
500PU0000102cdNYAQ,MVFSB
500PU0000102cblYAA,MVFSB
500PU0000102VSFYA2,WCFSB
500PU0000102XvSYAU,MVFSB
500PU0000102ca9YAA,MVFSB
500PU0000102W9pYAE,WCFSB
500PU0000100C40YAE,MVFSB
500PU0000102PTHYA2,WCFSB
500PU0000102D5ZYAU,MVFSB
500PU0000101n9ZYAQ,MVFSB
500PU0000101wsnYAA,MVFSB
500PU0000101vBxYAI,MVFSB
500PU00001021qrYAA,MVFSB
500PU0000101vNJYAY,WCFSB
500PU0000101vNIYAY,WCFSB
500PU0000101znPYAQ,WCFSB
500PU00001020I9YAI,WCFSB
500PU0000102GQ0YAM,WCFSB
500PU0000102cNFYAY,WCFSB
500PU00001026LxYAI,WCFSB
500PU0000102TqFYAU,WCFSB
500PU0000100tlfYAA,WCFSB
500PU0000102IekYAE,WCFSB
500PU0000101yPsYAI,WCFSB
500PU00001021qqYAA,WCFSB
500PU0000101lVxYAI,WCFSB
500PU0000101uaqYAA,WCFSB
500PU00001026s9YAA,WCFSB
500PU0000101pg0YAA,WCFSB
500PU0000102abbYAA,WCFSB
500PU00001020I8YAI,WCFSB
500PU00001020I7YAI,WCFSB
500PU000010289AYAQ,WCFSB
500PU0000102NmRYAU,WCFSB
500PU0000102MDiYAM,WCFSB
500PU0000102IA6YAM,WCFSB
500PU0000101zVfYAI,WCFSB
500PU0000101vNHYAY,WCFSB
500PU0000102W9oYAE,WCFSB
500PU0000101m2AYAQ,WCFSB
500PU0000101xSLYAY,WCFSB
500PU0000101jPJYAY,WCFSB
500PU0000102HyrYAE,WCFSB
500PU00001020d0YAA,WCFSB
500PU0000102BZzYAM,WCFSB
500PU0000102R3gYAE,WCFSB
500PU0000102bRCYAY,WCFSB
500PU0000102XU3YAM,WCFSB
500PU0000101ykwYAA,WCFSB
500PU0000102JuEYAU,WCFSB
500PU0000102WJUYA2,WCFSB
500PU0000102bz3YAA,WCFSB
500PU0000102U6OYAU,WCFSB
500PU0000102ItLYAU,WCFSB
500PU0000102YOWYA2,MVFSB
500PU0000101t6qYAA,MVFSB
500PU0000102QadYAE,MVFSB
500PU0000101OXnYAM,MVFSB
500PU0000102Z2oYAE,MVFSB
500PU0000102JZBYA2,MVFSB
500PU0000101GezYAE,WCFSB
500PU0000102TINYA2,MVFSB
500PU0000102Q61YAE,MVFSB
500PU0000102AVrYAM,MVFSB
500PU0000102VIYYA2,MVFSB
500PU0000101xDlYAI,MVFSB
500PU0000102buDYAQ,MVFSB
500PU0000102YUwYAM,MVFSB
500PU00001024wiYAA,MVFSB
500PU0000102AqrYAE,MVFSB
500PU00001024WwYAI,WCFSB
500PU0000101hH6YAI,WCFSB
500PU0000102JatYAE,MVFSB
500PU0000100J8gYAE,WCFSB
500PU0000101oASYAY,WCFSB
500PU0000102VqRYAU,MVFSB
500PU0000101q4EYAQ,MVFSB
500PU00001026FNYAY,MVFSB
500PU0000102HApYAM,MVFSB
500PU0000102JxPYAU,WCFSB
500PU0000102CnqYAE,WCFSB
500PU0000101qDpYAI,WCFSB
500PU0000101XG3YAM,MVFSB
500PU0000102VglYAE,WCFSB
500PU0000101mrtYAA,WCFSB
500PU0000101rA3YAI,MVFSB
500PU0000102DP1YAM,MVFSB
500PU0000102B5LYAU,MVFSB
500PU0000101CtBYAU,MVFSB
500PU0000102bpNYAQ,WCFSB
500PU00001022N9YAI,WCFSB
500PU0000102OfIYAU,MVFSB
500PU0000102R3eYAE,MVFSB
500PU0000102LCnYAM,MVFSB
500PU0000102XqgYAE,MVFSB
500PU00001027pnYAA,MVFSB
500PU0000102N3KYAU,MVFSB
500PU0000102atKYAQ,MVFSB
500PU0000102bm9YAA,MVFSB
500PU00001026CAYAY,MVFSB
500PU0000102YrXYAU,MVFSB
500PU0000102QdwYAE,MVFSB
500PU0000102MSFYA2,MVFSB
500PU0000102DghYAE,MVFSB
500PU0000102FtoYAE,MVFSB
500PU0000101weHYAQ,MVFSB
500PU00001022BsYAI,MVFSB
500PU0000101ywCYAQ,MVFSB
500PU0000102ZFiYAM,MVFSB
500PU0000102PzbYAE,MVFSB
500PU0000102Je2YAE,MVFSB
500PU0000102XqfYAE,MVFSB
500PU0000102bXdYAI,MVFSB
500PU0000101yWNYAY,MVFSB
500PU0000101saZYAQ,MVFSB
500PU0000102BS1YAM,MVFSB
500PU00001028p0YAA,MVFSB
500PU0000102NJRYA2,MVFSB
500PU0000102EGAYA2,MVFSB
500PU0000102SisYAE,MVFSB
500PU0000101iORYAY,MVFSB
500PU0000102SCeYAM,MVFSB
500PU0000101npWYAQ,MVFSB
500PU00001028NjYAI,MVFSB
500PU0000102EhZYAU,MVFSB
500PU0000101n4kYAA,MVFSB
500PU0000101jsHYAQ,MVFSB
500PU0000102bRBYAY,MVFSB
500PU0000101WyJYAU,MVFSB
500PU0000102bPZYAY,MVFSB
500PU0000102ZpCYAU,MVFSB
500PU0000102G0CYAU,MVFSB
500PU00001029YHYAY,MVFSB
500PU0000102PbPYAU,MVFSB
500PU0000101sh7YAA,MVFSB
500PU0000101OkjYAE,MVFSB
500PU0000101pHnYAI,MVFSB
500PU0000101vqKYAQ,MVFSB
500PU00001025uOYAQ,MVFSB
500PU0000102bMLYAY,MVFSB
500PU00001020uoYAA,MVFSB
500PU0000102bJ7YAI,MVFSB
500PU00001024ALYAY,MVFSB
500PU0000102bHVYAY,WCFSB
500PU0000102FouYAE,MVFSB
500PU0000102KRzYAM,MVFSB
500PU00001022uvYAA,MVFSB
500PU0000101DkTYAU,MVFSB
500PU0000101rOUYAY,WCFSB
500PU0000101mLcYAI,WCFSB
500PU0000101nmHYAQ,WCFSB
500PU0000101tExYAI,MVFSB
500PU0000101r6lYAA,WCFSB
500PU0000102FVbYAM,WCFSB
500PU0000102b9RYAQ,MVFSB
500PU0000101va7YAA,MVFSB
500PU0000102POSYA2,MVFSB
500PU0000102OnOYAU,MVFSB
500PU0000101ChoYAE,MVFSB
500PU0000102abaYAA,MVFSB
500PU0000101zAmYAI,MVFSB
500PU0000101kbbYAA,MVFSB
500PU0000101p4sYAA,MVFSB
500PU0000101r55YAA,MVFSB
500PU0000102UPjYAM,MVFSB
500PU0000102TqEYAU,MVFSB
500PU0000102b6DYAQ,MVFSB
500PU0000101z4DYAQ,MVFSB
500PU00001021CVYAY,MVFSB
500PU0000101nhTYAQ,MVFSB
500PU0000102YpvYAE,MVFSB
500PU0000102DggYAE,MVFSB
500PU0000101BkFYAU,MVFSB
500PU0000102WPvYAM,MVFSB
500PU0000102b4bYAA,MVFSB
500PU0000101oaFYAQ,MVFSB
500PU0000102W9mYAE,MVFSB
500PU0000102EeOYAU,MVFSB
500PU0000102G52YAE,MVFSB
500PU0000102AvjYAE,MVFSB
500PU0000101WbtYAE,MVFSB
500PU0000101a1DYAQ,MVFSB
500PU00001029JjYAI,MVFSB
500PU00001026c3YAA,MVFSB
500PU0000102PHzYAM,MVFSB
500PU00001028nVYAQ,MVFSB
500PU0000102aeoYAA,MVFSB
500PU0000102QCTYA2,MVFSB
500PU00001029YGYAY,MVFSB
500PU0000102aJrYAI,MVFSB
500PU0000102EEUYA2,MVFSB
500PU0000101OfuYAE,MVFSB
500PU0000101fIQYAY,MVFSB
500PU00001028NiYAI,MVFSB
500PU0000101nBBYAY,MVFSB
500PU0000102AKgYAM,MVFSB
500PU0000102J4XYAU,WCFSB
500PU0000101koOYAQ,WCFSB
500PU0000102A1EYAU,MVFSB
500PU0000102WGGYA2,WCFSB
500PU0000102DDbYAM,WCFSB
500PU0000102MDhYAM,WCFSB
500PU0000101viGYAQ,MVFSB
500PU0000101hdeYAA,MVFSB
500PU0000102FAYYA2,WCFSB
500PU0000101lquYAA,WCFSB
500PU000010293cYAA,MVFSB
500PU0000102WbDYAU,MVFSB
500PU0000102Q19YAE,WCFSB
500PU0000102aoTYAQ,WCFSB
500PU0000102X97YAE,WCFSB
500PU00001027BSYAY,WCFSB
500PU0000101zfLYAQ,MVFSB
500PU0000101Q6aYAE,WCFSB
500PU0000102NT8YAM,WCFSB
500PU0000102IjcYAE,MVFSB
500PU0000102LhRYAU,MVFSB
500PU00001022zsYAA,MVFSB
500PU0000101DkSYAU,MVFSB
500PU0000102RJrYAM,MVFSB
500PU0000102BAEYA2,MVFSB
500PU0000102YDCYA2,MVFSB
500PU0000102CXjYAM,MVFSB
500PU00001026C9YAI,MVFSB
500PU0000102FgsYAE,MVFSB
500PU0000102U80YAE,MVFSB
500PU0000102GTEYA2,MVFSB
500PU0000102QdvYAE,MVFSB
500PU000010278IYAQ,MVFSB
500PU00001028h0YAA,MVFSB
500PU00001023cUYAQ,MVFSB
500PU0000101xs4YAA,MVFSB
500PU0000102QM6YAM,MVFSB
500PU0000102RmoYAE,MVFSB
500PU0000102CXiYAM,MVFSB
500PU0000102DTkYAM,MVFSB
500PU0000102Z1CYAU,WCFSB
500PU0000102QNnYAM,WCFSB
500PU0000102NmQYAU,MVFSB
500PU0000102XkBYAU,MVFSB
500PU0000101jnaYAA,MVFSB
500PU0000102Cz8YAE,MVFSB
500PU0000101YFRYA2,MVFSB
500PU00001021pBYAQ,MVFSB
500PU0000102UrCYAU,MVFSB
500PU0000101y8AYAQ,MVFSB
500PU0000102XiZYAU,MVFSB
500PU0000102aWjYAI,MVFSB
500PU0000102LKrYAM,MVFSB
500PU0000101g02YAA,MVFSB
500PU00001029WjYAI,MVFSB
500PU0000102MiMYAU,WCFSB
500PU0000102LJEYA2,WCFSB
500PU0000102MC4YAM,WCFSB
500PU0000102MDgYAM,WCFSB
500PU00001026yYYAQ,MVFSB
500PU0000102ZqoYAE,MVFSB
500PU0000101dYQYAY,MVFSB
500PU0000102aTVYAY,MVFSB
500PU00001027kxYAA,MVFSB
500PU0000102UBEYA2,WCFSB
500PU0000101zdmYAA,WCFSB
500PU0000102aRtYAI,WCFSB
500PU0000101ekbYAA,WCFSB
500PU00001028IqYAI,WCFSB
500PU00001021qpYAA,MVFSB
500PU0000102XLyYAM,MVFSB
500PU0000102GrVYAU,MVFSB
500PU0000102HU9YAM,MVFSB
500PU0000101slwYAA,MVFSB
500PU0000101aCNYAY,WCFSB
500PU0000102S9QYAU,WCFSB
500PU0000102UkhYAE,WCFSB
500PU0000102WmUYAU,WCFSB
500PU0000102Sz2YAE,WCFSB
500PU0000102X5rYAE,WCFSB
500PU000010271kYAA,MVFSB
500PU0000102DP0YAM,MVFSB
500PU0000102L7zYAE,MVFSB
500PU0000101jlsYAA,MVFSB
500PU0000101kgSYAQ,MVFSB
500PU0000100J8eYAE,MVFSB
500PU0000102aN3YAI,MVFSB
500PU00001024bmYAA,MVFSB
500PU0000102M8qYAE,MVFSB
500PU0000102WTBYA2,MVFSB
500PU0000101dtRYAQ,MVFSB
500PU0000102Lr5YAE,MVFSB
500PU0000102PjRYAU,MVFSB
500PU0000102aGbYAI,MVFSB
500PU0000100WndYAE,MVFSB
500PU0000101k8XYAQ,MVFSB
500PU0000101fgfYAA,MVFSB
500PU0000102ZsQYAU,MVFSB
500PU0000102EcmYAE,MVFSB
500PU0000102JsWYAU,MVFSB
500PU0000102UzDYAU,MVFSB
500PU00001022bZYAQ,MVFSB
500PU0000102PbNYAU,MVFSB
500PU0000102TlOYAU,MVFSB
500PU000010223nYAA,MVFSB
500PU0000101jkDYAQ,MVFSB
500PU000010268uYAA,MVFSB
500PU0000101uO0YAI,MVFSB
500PU0000102WUkYAM,MVFSB
500PU0000101pbBYAQ,MVFSB
500PU0000102IGYYA2,MVFSB
500PU0000101fIPYAY,MVFSB
500PU0000102XSQYA2,MVFSB
500PU0000101rI4YAI,MVFSB
500PU0000100KnrYAE,MVFSB
500PU0000102SPWYA2,MVFSB
500PU0000101fC2YAI,MVFSB
500PU0000102a25YAA,MVFSB
500PU0000102a0TYAQ,MVFSB
500PU0000101qwwYAA,MVFSB
500PU0000102IDKYA2,MVFSB
500PU0000102JuDYAU,MVFSB
500PU0000101rDGYAY,MVFSB
500PU0000101hddYAA,MVFSB
500PU0000101cUEYAY,MVFSB
500PU0000102PebYAE,MVFSB
500PU0000101kI8YAI,MVFSB
500PU00001029TNYAY,MVFSB
500PU0000101rTMYAY,MVFSB
500PU0000102IZsYAM,MVFSB
500PU000010254tYAA,MVFSB
500PU0000102GPzYAM,MVFSB
500PU0000102UMVYA2,MVFSB
500PU0000102AfdYAE,MVFSB
500PU0000102VteYAE,MVFSB
500PU0000102UG2YAM,MVFSB
500PU00001029MyYAI,MVFSB
500PU00001029DGYAY,MVFSB
500PU0000101wUXYAY,MVFSB
500PU00001026c2YAA,MVFSB
500PU000010205DYAQ,MVFSB
500PU0000102TjqYAE,MVFSB
500PU0000102YmgYAE,MVFSB
500PU0000101kI7YAI,MVFSB
500PU0000102S4aYAE,MVFSB
500PU0000102YwMYAU,MVFSB
500PU00001026ouYAA,MVFSB
500PU0000101klCYAQ,MVFSB
500PU0000102VH0YAM,MVFSB
500PU0000102V0pYAE,MVFSB
500PU0000100vcEYAQ,MVFSB
500PU00001025hWYAQ,MVFSB
500PU0000101h4BYAQ,MVFSB
500PU0000101PooYAE,MVFSB
500PU0000102E1gYAE,MVFSB
500PU0000102SXeYAM,MVFSB
500PU0000101p8CYAQ,MVFSB
500PU0000101cr1YAA,MVFSB
500PU0000102FDpYAM,MVFSB
500PU0000102YGQYA2,MVFSB
500PU0000102D0kYAE,MVFSB
500PU0000101zYzYAI,WCFSB
500PU00001029WiYAI,MVASB
500PU0000101rMzYAI,MVFSB
500PU0000101QszYAE,WCFSB
500PU00001027hiYAA,WCFSB
500PU0000102JquYAE,WCFSB
500PU000010267JYAQ,MVFSB
500PU00001023XhYAI,WCFSB
500PU0000102ZdtYAE,WCFSB
500PU0000102N4wYAE,MVFSB
500PU0000102Pl7YAE,MVFSB
500PU0000102O2dYAE,MVFSB
500PU00001026wtYAA,MVFSB
500PU0000102YpuYAE,WCFSB
500PU0000102XQoYAM,WCFSB
500PU0000102NUiYAM,WCFSB
500PU0000101pbAYAQ,WCFSB
500PU0000101ty6YAA,WCFSB
500PU000010242FYAQ,MVFSB
500PU0000101jyoYAA,WCFSB
500PU0000102ZXRYA2,WCFSB
500PU0000102IlCYAU,WCFSB
500PU0000102SXdYAM,WCFSB
500PU0000101uCcYAI,MVFSB
500PU000010200LYAQ,MVFSB
500PU0000102YjWYAU,MVFSB
500PU0000102K0aYAE,MVFSB
500PU0000102ZSbYAM,MVFSB
500PU0000102ErIYAU,WCFSB
500PU0000102ZPNYA2,WCFSB
500PU0000101ypkYAA,MVFSB
500PU0000102TS4YAM,MVFSB
500PU0000101of9YAA,MVFSB
500PU0000101go3YAA,MVFSB
500PU0000102BVEYA2,MVFSB
500PU000010279qYAA,WCFSB
500PU0000102QApYAM,WCFSB
500PU0000102ZNlYAM,WCFSB
500PU0000102PoFYAU,WCFSB
500PU0000102GrUYAU,WCFSB
500PU0000101O4nYAE,MVFSB
500PU0000102ZKXYA2,MVFSB
500PU0000102ZIvYAM,MVFSB
500PU00001027UrYAI,MVFSB
500PU0000102BrpYAE,MVFSB
500PU0000102ZHJYA2,WCFSB
500PU0000102ANrYAM,WCFSB
500PU00001029pzYAA,WCFSB
500PU00001021qoYAA,WCFSB
500PU0000102ZCTYA2,WCFSB
500PU0000101tgNYAQ,MVFSB
500PU00001023eCYAQ,MVFSB
500PU0000102T2FYAU,MVFSB
500PU0000101WwmYAE,MVFSB
500PU00001021FkYAI,MVFSB
500PU00001028veYAA,WCFSB
500PU0000102TBwYAM,WCFSB
500PU00001023hQYAQ,WCFSB
500PU0000101lFrYAI,WCFSB
500PU00001028kCYAQ,MVFSB
500PU0000101i52YAA,MVFSB
500PU00001026s8YAA,MVFSB
500PU0000102Z4PYAU,WCFSB
500PU0000102WjGYAU,WCFSB
500PU0000102EG9YAM,WCFSB
500PU0000102Z2nYAE,WCFSB
500PU0000102OqaYAE,WCFSB
500PU0000101OXlYAM,MVFSB
500PU0000101TCSYA2,MVFSB
500PU0000101rbPYAQ,MVFSB
500PU0000102PjQYAU,WCFSB
500PU0000101f2EYAQ,WCFSB
500PU0000101qc6YAA,WCFSB
500PU0000102YzZYAU,WCFSB
500PU00001027gEYAQ,WCFSB
500PU0000101qLzYAI,WCFSB
500PU0000101tEvYAI,WCFSB
500PU0000101nhSYAQ,WCFSB
500PU0000102Y3WYAU,WCFSB
500PU0000102WJTYA2,MVFSB
500PU0000102KBuYAM,MVFSB
500PU0000102WPuYAM,MVFSB
500PU000010251YYAQ,MVFSB
500PU0000102Xc6YAE,MVFSB
500PU0000102DvAYAU,MVFSB
500PU0000102KocYAE,WCFSB
500PU0000102Yt7YAE,MVFSB
500PU00001023izYAA,MVFSB
500PU0000101cimYAA,WCFSB
500PU0000102YOVYA2,WCFSB
500PU0000102NeOYAU,MVFSB
500PU0000102PQ4YAM,MVFSB
500PU0000101tQHYAY,WCFSB
500PU0000102C4hYAE,WCFSB
500PU0000101j4MYAQ,WCFSB
500PU0000101xKDYAY,WCFSB
500PU0000101y89YAA,WCFSB
500PU0000101lNyYAI,WCFSB
500PU0000102GppYAE,WCFSB
500PU0000102OVbYAM,WCFSB
500PU0000101uJ3YAI,WCFSB
500PU0000101iZnYAI,WCFSB
500PU0000101xiNYAQ,WCFSB
500PU00001029DFYAY,WCFSB
500PU0000102GrTYAU,WCFSB
500PU0000101UdBYAU,WCFSB
500PU0000102MqQYAU,WCFSB
500PU0000101pL4YAI,WCFSB
500PU00001021EDYAY,WCFSB
500PU000010276dYAA,WCFSB
500PU0000102PBWYA2,WCFSB
500PU0000101vgWYAQ,WCFSB
500PU000010259aYAA,WCFSB
500PU0000102Kv3YAE,WCFSB
500PU0000102USxYAM,WCFSB
500PU0000102MC2YAM,WCFSB
500PU0000102W6YYAU,WCFSB
500PU00000zykpfYAA,WCFSB
500PU0000101tmsYAA,WCFSB
500PU0000102RelYAE,WCFSB
500PU0000102VAUYA2,WCFSB
500PU0000102HdoYAE,WCFSB
500PU0000102YZlYAM,WCFSB
500PU0000102YY9YAM,WCFSB
500PU0000102ShHYAU,WCFSB
500PU00001028qeYAA,WCFSB
500PU0000101xiMYAQ,WCFSB
500PU0000102YUvYAM,WCFSB
500PU0000102JUIYA2,WCFSB
500PU0000101TkEYAU,WCFSB
500PU0000102V8tYAE,WCFSB
500PU0000101yZfYAI,WCFSB
500PU0000101l2pYAA,WCFSB
500PU00001028SWYAY,WCFSB
500PU0000102YOUYA2,WCFSB
500PU0000102EUdYAM,WCFSB
500PU0000102UZQYA2,WCFSB
500PU0000102V2UYAU,WCFSB
500PU0000102RWgYAM,MVFSB
500PU0000101nmGYAQ,MVFSB
500PU0000101DkRYAU,MVFSB
500PU0000101dlMYAQ,WCFSB
500PU0000102UMUYA2,MVFSB
500PU0000101YgoYAE,MVFSB
500PU0000101wG3YAI,MVFSB
500PU0000102JsVYAU,MVFSB
500PU0000102DC0YAM,MVFSB
500PU0000101ma7YAA,MVFSB
500PU0000102EBLYA2,MVFSB
500PU0000102CpUYAU,MVFSB
500PU0000101PNPYA2,MVFSB
500PU0000102NpgYAE,MVFSB
500PU0000102X4EYAU,MVFSB
500PU0000102No3YAE,MVFSB
500PU0000101p1gYAA,MVFSB
500PU0000102AR5YAM,MVFSB
500PU000010226tYAA,MVFSB
500PU0000102V2TYAU,MVFSB
500PU0000101rMxYAI,MVFSB
500PU0000102HVkYAM,MVFSB
500PU00001022BoYAI,MVFSB
500PU0000102DgfYAE,MVFSB
500PU0000101jnZYAQ,MVFSB
500PU0000102XyfYAE,MVFSB
500PU0000101pkoYAA,MVFSB
500PU0000102KrnYAE,MVFSB
500PU0000102SuBYAU,MVFSB
500PU0000102CfkYAE,MVFSB
500PU0000102BBqYAM,MVFSB
500PU00001029YDYAY,MVFSB
500PU0000101zYxYAI,MVFSB
500PU0000101zvWYAQ,MVFSB
500PU0000102MSCYA2,MVFSB
500PU00001007ieYAA,MVFSB
500PU0000101fDbYAI,MVFSB
500PU0000102BTcYAM,MVFSB
500PU0000101s19YAA,MVFSB
500PU0000102MjwYAE,MVFSB
500PU0000102CCiYAM,MVFSB
500PU0000102TYUYA2,MVFSB
500PU0000102XsDYAU,MVFSB
500PU0000101nUZYAY,MVFSB
500PU0000102XqbYAE,MVFSB
500PU0000102XozYAE,MVFSB
500PU0000101K9DYAU,MVFSB
500PU0000102XnNYAU,MVFSB
500PU0000101uPWYAY,MVFSB
500PU0000102EzJYAU,MVFSB
500PU0000102RgRYAU,MVFSB
500PU00001026XEYAY,MVFSB
500PU0000102U6MYAU,MVFSB
500PU0000102URLYA2,MVFSB
500PU0000101c66YAA,MVFSB
500PU0000101ZMoYAM,MVFSB
500PU0000101hSRYAY,MVFSB
500PU00001029OXYAY,MVFSB
500PU00001026IbYAI,MVFSB
500PU0000102PGNYA2,MVFSB
500PU0000102PQ3YAM,MVFSB
500PU0000102VdYYAU,MVFSB
500PU00001025O9YAI,MVFSB
500PU0000101zp0YAA,MVFSB
500PU0000102XgvYAE,MVFSB
500PU0000101rUtYAI,MVFSB
500PU00000zydg7YAA,MVFSB
500PU0000101veyYAA,MVFSB
500PU0000101yzPYAQ,MVFSB
500PU0000102TLaYAM,MVFSB
500PU0000102U39YAE,MVFSB
500PU00001023FzYAI,MVFSB
500PU0000102DSBYA2,MVFSB
500PU0000101ijOYAQ,MVFSB
500PU0000101HGBYA2,MVFSB
500PU0000102J4WYAU,MVFSB
500PU0000101O38YAE,MVFSB
500PU0000101tQFYAY,MVFSB
500PU00001020GQYAY,MVFSB
500PU0000102EBKYA2,MVFSB
500PU0000102TbkYAE,MVFSB
500PU0000101YoqYAE,MVFSB
500PU0000101fbrYAA,MVFSB
500PU0000102P3UYAU,MVFSB
500PU00001021NlYAI,MVFSB
500PU0000102ANpYAM,MVFSB
500PU0000101uPVYAY,MVFSB
500PU0000101djdYAA,MVFSB
500PU0000102Qu0YAE,MVFSB
500PU00001024iGYAQ,WCFSB
500PU0000102N3IYAU,WCFSB
500PU0000101DKdYAM,WCFSB
500PU0000101lNxYAI,MVFSB
500PU00001024zwYAA,WCFSB
500PU0000102PD9YAM,MVFSB
500PU0000101sp7YAA,WCFSB
500PU0000102V0oYAE,MVFSB
500PU000010245cYAA,MVFSB
500PU00001027xrYAA,MVFSB
500PU00001029WgYAI,MVFSB
500PU0000102XU1YAM,MVFSB
500PU0000102TwhYAE,MVFSB
500PU0000102DtYYAU,MVFSB
500PU0000101bN2YAI,MVFSB
500PU0000102XSPYA2,MVFSB
500PU0000102OdiYAE,MVFSB
500PU0000101mgbYAA,MVFSB
500PU0000102ItIYAU,MVFSB
500PU0000101rl0YAA,MVFSB
500PU000010254sYAA,MVFSB
500PU0000101qXHYAY,MVFSB
500PU0000102XNZYA2,MVFSB
500PU0000102BdDYAU,MVFSB
500PU0000101tzsYAA,MVFSB
500PU0000102HNhYAM,MVFSB
500PU0000101nxcYAA,MVFSB
500PU0000101cFjYAI,MVFSB
500PU0000102FvOYAU,MVFSB
500PU0000101hXAYAY,MVFSB
500PU00001025WDYAY,MVFSB
500PU0000101IkVYAU,MVFSB
500PU0000101lamYAA,MVFSB
500PU0000101sVnYAI,MVFSB
500PU00001028aVYAQ,MVFSB
500PU0000102CBAYA2,MVFSB
500PU0000102ImmYAE,MVFSB
500PU0000102USwYAM,MVFSB
500PU0000102XCHYA2,MVFSB
500PU0000101sCTYAY,MVFSB
500PU0000101ucRYAQ,WCFSB
500PU0000101zgwYAA,WCFSB
500PU0000101cr0YAA,WCFSB
500PU0000101VxRYAU,WCFSB
500PU0000102CFzYAM,WCFSB
500PU00001027BRYAY,MVFSB
500PU0000102GMnYAM,WCFSB
500PU0000102X7RYAU,WCFSB
500PU0000102UJGYA2,MVFSB
500PU0000101zx4YAA,MVFSB
500PU00001001EzYAI,WCFSB
500PU0000102LFyYAM,WCFSB
500PU00001027bHYAQ,WCFSB
500PU0000102AFmYAM,WCFSB
500PU0000102F8yYAE,MVFSB
500PU0000102SUMYA2,WCFSB
500PU000010228gYAA,MVFSB
500PU00001021sOYAQ,MVFSB
500PU0000101pL3YAI,MVFSB
500PU0000102AlyYAE,MVFSB
500PU0000102X2bYAE,MVFSB
500PU0000102U7yYAE,WCFSB
500PU00001029EsYAI,MVFSB
500PU0000101E1HYAU,MVFSB
500PU0000101YvLYAU,MVFSB
500PU0000102Ww9YAE,MVFSB
500PU0000102K8dYAE,MVFSB
500PU0000101qdeYAA,MVFSB
500PU0000102WuXYAU,MVFSB
500PU0000101rUsYAI,MVFSB
500PU0000102FTxYAM,MVFSB
500PU0000101by2YAA,MVFSB
500PU00000zyMaXYAU,MVFSB
500PU0000101QWJYA2,MVFSB
500PU0000102Jm5YAE,MVFSB
500PU0000102KDXYA2,MVFSB
500PU0000101w4lYAA,MVFSB
500PU0000101jE4YAI,MVFSB
500PU00001025hUYAQ,MVFSB
500PU0000102WkrYAE,MVFSB
500PU000010248kYAA,MVFSB
500PU0000102OvPYAU,MVFSB
500PU0000102AsQYAU,MVFSB
500PU000010253JYAQ,MVFSB
500PU00001028tuYAA,MVFSB
500PU0000101q0yYAA,MVFSB
500PU00001021SfYAI,MVFSB
500PU00001020OVYAY,MVFSB
500PU0000101j98YAA,MVFSB
500PU00001024iFYAQ,MVFSB
500PU0000102AR4YAM,MVFSB
500PU0000101JmaYAE,MVFSB
500PU0000102IV4YAM,MVFSB
500PU0000102OXDYA2,MVFSB
500PU000010234YYAQ,MVFSB
500PU0000101d2EYAQ,WCFSB
500PU0000102RYJYA2,MVFSB
500PU0000101va6YAA,WCFSB
500PU0000102LO5YAM,WCFSB
500PU0000101YdYYAU,MVFSB
500PU0000101kI6YAI,WCFSB
500PU0000102VwsYAE,WCFSB
500PU0000102QnZYAU,MVFSB
500PU0000102MDfYAM,MVFSB
500PU0000101nESYAY,WCFSB
500PU0000102SZCYA2,WCFSB
500PU0000102NEZYA2,WCFSB
500PU0000101iRcYAI,WCFSB
500PU0000101oAQYAY,MVFSB
500PU0000101sFgYAI,MVFSB
500PU0000101sh6YAA,MVFSB
500PU0000101vn0YAA,MVFSB
500PU0000101enpYAA,MVFSB
500PU0000101ekYYAQ,MVFSB
500PU0000102WXxYAM,MVFSB
500PU00001026fBYAQ,MVFSB
500PU0000102B3oYAE,MVFSB
500PU0000101vgVYAQ,MVFSB
500PU00001024yQYAQ,MVFSB
500PU0000101i1tYAA,MVFSB
500PU00001020MqYAI,MVFSB
500PU0000102KJuYAM,MVFSB
500PU0000102DtXYAU,MVFSB
500PU0000101w1aYAA,MVFSB
500PU0000102WUjYAM,MVFSB
500PU0000102QnYYAU,MVFSB
500PU0000102WPtYAM,MVFSB
500PU0000102WOHYA2,WCFSB
500PU0000101tq6YAA,WCFSB
500PU0000101GgfYAE,MVFSB
500PU0000102WMfYAM,MVFSB
500PU0000102WL3YAM,MVFSB
500PU00001024TtYAI,MVFSB
500PU0000102WGDYA2,MVFSB
500PU0000102WEbYAM,MVFSB
500PU0000102Q5yYAE,MVFSB
500PU0000101uNyYAI,MVFSB
500PU0000101t5HYAQ,MVFSB
500PU0000102NuUYAU,MVFSB
500PU0000101YvKYAU,WCFSB
500PU0000101sFfYAI,MVFSB
500PU0000101j1AYAQ,MVFSB
500PU0000102752YAA,WCFSB
500PU0000102TVGYA2,WCFSB
500PU0000102T8hYAE,MVFSB
500PU0000102UcdYAE,MVFSB
500PU0000101xbvYAA,MVFSB
500PU0000102T8gYAE,MVFSB
500PU0000101ukUYAQ,WCFSB
500PU0000102HU7YAM,WCFSB
500PU0000102VwrYAE,WCFSB
500PU0000101ykvYAA,MVFSB
500PU00001020cyYAA,MVFSB
500PU0000101Z53YAE,MVFSB
500PU0000101P5dYAE,MVFSB
500PU00001021iiYAA,MVFSB
500PU0000102VlaYAE,WCFSB
500PU00001001EyYAI,WCFSB
500PU0000102LPgYAM,WCFSB
500PU0000101yhmYAA,MVFSB
500PU0000102QyqYAE,MVFSB
500PU0000102581YAA,MVFSB
500PU0000102BbgYAE,MVFSB
500PU0000102RziYAE,MVFSB
500PU0000102S7mYAE,MVFSB
500PU0000102JPTYA2,MVFSB
500PU0000102923YAA,MVFSB
500PU00001020EqYAI,MVFSB
500PU0000101lHOYAY,MVFSB
500PU0000102N09YAE,MVFSB
500PU000010240hYAA,MVFSB
500PU0000100iyVYAQ,WCFSB
500PU0000101P5bYAE,MVFSB
500PU00001022mrYAA,MVFSB
500PU0000102MQZYA2,MVFSB
500PU0000102NGBYA2,MVFSB
500PU0000102VlZYAU,MVFSB
500PU0000101boKYAQ,MVFSB
500PU0000101VRDYA2,MVFSB
500PU0000101k8VYAQ,MVFSB
500PU0000101tTUYAY,MVFSB
500PU0000102CmHYAU,MVFSB
500PU0000102FTwYAM,MVFSB
500PU0000101iUsYAI,MVFSB
500PU0000101jPHYAY,MVFSB
500PU00001028PGYAY,MVFSB
500PU0000101m5QYAQ,MVFSB
500PU0000102V2SYAU,MVFSB
500PU00001025JKYAY,MVFSB
500PU0000100gtIYAQ,MVFSB
500PU0000102JECYA2,MVFSB
500PU0000102VaHYAU,MVFSB
500PU0000102OdhYAE,MVFSB
500PU0000101kbYYAQ,MVFSB
500PU0000102BzrYAE,MVFSB
